System Uptime[ms] 12878,System VBATTcell0[V] 4.06,System VBATTcell1[V] 4.03,System VBATTcell2[V] 3.96,Airdata rho[kg/m3] 1.20,Airdata T[C] 15.38,Airdata AoA[deg] nan,Airdata AoS[deg] nan,Airdata VCAS[m/s] 1.66,Airdata VTAS[m/s] 1.67,BMP280_0 P[Pa] 100005.34, BMP280_0 Tpackage[C] 23.68, HTU21DF_0 RH[%] 52.81, HTU21DF_0 Tpackage[C] 21.61, D6F-PH0025AD1_0 q[Pa] nan, D6F-PH0025AD1_0 Tpackage[C] nan, D6F-PH0025AD1_1 q[Pa] 1.21, D6F-PH0025AD1_1 Tpackage[C] 19.60, D6F-PH0025AD1_2 q[Pa] 1.43, D6F-PH0025AD1_2 Tpackage[C] 18.70, MPU6050_0 pitch[deg] nan, MPU6050_0 roll[deg] nan, VL53L1X_0 s[m] 0.08, GPS_0 satellites[-] -1, GPS_0 latitude[deg] 51.19, GPS_0 longitude[deg] -1.03, GPS_0 year[-] 2022, GPS_0 month[-] 7, GPS_0 day[-] 26, GPS_0 hours[-] 7, GPS_0 minutes[-] 30, GPS_0 seconds[-] 13, ;
System Uptime[ms] 13304,System VBATTcell0[V] 4.06,System VBATTcell1[V] 4.02,System VBATTcell2[V] 3.97,Airdata rho[kg/m3] 1.20,Airdata T[C] 15.37,Airdata AoA[deg] nan,Airdata AoS[deg] nan,Airdata VCAS[m/s] 1.62,Airdata VTAS[m/s] 1.64,BMP280_0 P[Pa] 100005.88, BMP280_0 Tpackage[C] 23.67, HTU21DF_0 RH[%] 52.77, HTU21DF_0 Tpackage[C] 21.62, D6F-PH0025AD1_0 q[Pa] nan, D6F-PH0025AD1_0 Tpackage[C] nan, D6F-PH0025AD1_1 q[Pa] 1.16, D6F-PH0025AD1_1 Tpackage[C] 19.60, D6F-PH0025AD1_2 q[Pa] 1.79, D6F-PH0025AD1_2 Tpackage[C] 18.70, MPU6050_0 pitch[deg] nan, MPU6050_0 roll[deg] nan, VL53L1X_0 s[m] 0.08, GPS_0 satellites[-] -1, GPS_0 latitude[deg] 51.19, GPS_0 longitude[deg] -1.03, GPS_0 year[-] 2022, GPS_0 month[-] 7, GPS_0 day[-] 26, GPS_0 hours[-] 7, GPS_0 minutes[-] 30, GPS_0 seconds[-] 14, ;
System Uptime[ms] 13692,System VBATTcell0[V] 4.06,System VBATTcell1[V] 4.03,System VBATTcell2[V] 3.97,Airdata rho[kg/m3] 1.20,Airdata T[C] 15.38,Airdata AoA[deg] nan,Airdata AoS[deg] nan,Airdata VCAS[m/s] 1.55,Airdata VTAS[m/s] 1.57,BMP280_0 P[Pa] 100004.21, BMP280_0 Tpackage[C] 23.68, HTU21DF_0 RH[%] 52.72, HTU21DF_0 Tpackage[C] 21.62, D6F-PH0025AD1_0 q[Pa] nan, D6F-PH0025AD1_0 Tpackage[C] nan, D6F-PH0025AD1_1 q[Pa] 0.53, D6F-PH0025AD1_1 Tpackage[C] 19.40, D6F-PH0025AD1_2 q[Pa] 1.33, D6F-PH0025AD1_2 Tpackage[C] 18.70, MPU6050_0 pitch[deg] nan, MPU6050_0 roll[deg] nan, VL53L1X_0 s[m] 0.08, GPS_0 satellites[-] -1, GPS_0 latitude[deg] 51.19, GPS_0 longitude[deg] -1.03, GPS_0 year[-] 2022, GPS_0 month[-] 7, GPS_0 day[-] 26, GPS_0 hours[-] 7, GPS_0 minutes[-] 30, GPS_0 seconds[-] 14, ;
System Uptime[ms] 14080,System VBATTcell0[V] 4.06,System VBATTcell1[V] 4.02,System VBATTcell2[V] 3.97,Airdata rho[kg/m3] 1.20,Airdata T[C] 15.39,Airdata AoA[deg] nan,Airdata AoS[deg] nan,Airdata VCAS[m/s] 1.57,Airdata VTAS[m/s] 1.58,BMP280_0 P[Pa] 100006.13, BMP280_0 Tpackage[C] 23.69, HTU21DF_0 RH[%] 52.67, HTU21DF_0 Tpackage[C] 21.63, D6F-PH0025AD1_0 q[Pa] nan, D6F-PH0025AD1_0 Tpackage[C] nan, D6F-PH0025AD1_1 q[Pa] 1.68, D6F-PH0025AD1_1 Tpackage[C] 19.40, D6F-PH0025AD1_2 q[Pa] 1.59, D6F-PH0025AD1_2 Tpackage[C] 18.70, MPU6050_0 pitch[deg] nan, MPU6050_0 roll[deg] nan, VL53L1X_0 s[m] 0.08, GPS_0 satellites[-] -1, GPS_0 latitude[deg] 51.19, GPS_0 longitude[deg] -1.03, GPS_0 year[-] 2022, GPS_0 month[-] 7, GPS_0 day[-] 26, GPS_0 hours[-] 7, GPS_0 minutes[-] 30, GPS_0 seconds[-] 14, ;
System Uptime[ms] 14468,System VBATTcell0[V] 4.06,System VBATTcell1[V] 4.02,System VBATTcell2[V] 3.97,Airdata rho[kg/m3] 1.20,Airdata T[C] 15.38,Airdata AoA[deg] nan,Airdata AoS[deg] nan,Airdata VCAS[m/s] 1.55,Airdata VTAS[m/s] 1.57,BMP280_0 P[Pa] 100007.55, BMP280_0 Tpackage[C] 23.68, HTU21DF_0 RH[%] 52.75, HTU21DF_0 Tpackage[C] 21.62, D6F-PH0025AD1_0 q[Pa] nan, D6F-PH0025AD1_0 Tpackage[C] nan, D6F-PH0025AD1_1 q[Pa] 1.37, D6F-PH0025AD1_1 Tpackage[C] 19.40, D6F-PH0025AD1_2 q[Pa] 1.12, D6F-PH0025AD1_2 Tpackage[C] 18.70, MPU6050_0 pitch[deg] nan, MPU6050_0 roll[deg] nan, VL53L1X_0 s[m] 0.08, GPS_0 satellites[-] -1, GPS_0 latitude[deg] 51.19, GPS_0 longitude[deg] -1.03, GPS_0 year[-] 2022, GPS_0 month[-] 7, GPS_0 day[-] 26, GPS_0 hours[-] 7, GPS_0 minutes[-] 30, GPS_0 seconds[-] 15, ;
System Uptime[ms] 14856,System VBATTcell0[V] 4.06,System VBATTcell1[V] 4.02,System VBATTcell2[V] 3.97,Airdata rho[kg/m3] 1.20,Airdata T[C] 15.39,Airdata AoA[deg] nan,Airdata AoS[deg] nan,Airdata VCAS[m/s] 1.56,Airdata VTAS[m/s] 1.57,BMP280_0 P[Pa] 100005.30, BMP280_0 Tpackage[C] 23.69, HTU21DF_0 RH[%] 52.82, HTU21DF_0 Tpackage[C] 21.64, D6F-PH0025AD1_0 q[Pa] nan, D6F-PH0025AD1_0 Tpackage[C] nan, D6F-PH0025AD1_1 q[Pa] 1.32, D6F-PH0025AD1_1 Tpackage[C] 19.60, D6F-PH0025AD1_2 q[Pa] 2.40, D6F-PH0025AD1_2 Tpackage[C] 18.70, MPU6050_0 pitch[deg] nan, MPU6050_0 roll[deg] nan, VL53L1X_0 s[m] 0.08, GPS_0 satellites[-] -1, GPS_0 latitude[deg] 51.19, GPS_0 longitude[deg] -1.03, GPS_0 year[-] 2022, GPS_0 month[-] 7, GPS_0 day[-] 26, GPS_0 hours[-] 7, GPS_0 minutes[-] 30, GPS_0 seconds[-] 15, ;
System Uptime[ms] 15244,System VBATTcell0[V] 4.07,System VBATTcell1[V] 4.01,System VBATTcell2[V] 3.97,Airdata rho[kg/m3] 1.20,Airdata T[C] 15.39,Airdata AoA[deg] nan,Airdata AoS[deg] nan,Airdata VCAS[m/s] 1.62,Airdata VTAS[m/s] 1.64,BMP280_0 P[Pa] 100006.46, BMP280_0 Tpackage[C] 23.69, HTU21DF_0 RH[%] 52.85, HTU21DF_0 Tpackage[C] 21.64, D6F-PH0025AD1_0 q[Pa] nan, D6F-PH0025AD1_0 Tpackage[C] nan, D6F-PH0025AD1_1 q[Pa] 1.95, D6F-PH0025AD1_1 Tpackage[C] 19.60, D6F-PH0025AD1_2 q[Pa] 2.10, D6F-PH0025AD1_2 Tpackage[C] 18.70, MPU6050_0 pitch[deg] nan, MPU6050_0 roll[deg] nan, VL53L1X_0 s[m] 0.08, GPS_0 satellites[-] -1, GPS_0 latitude[deg] 51.19, GPS_0 longitude[deg] -1.03, GPS_0 year[-] 2022, GPS_0 month[-] 7, GPS_0 day[-] 26, GPS_0 hours[-] 7, GPS_0 minutes[-] 30, GPS_0 seconds[-] 16, ;
System Uptime[ms] 15657,System VBATTcell0[V] 4.06,System VBATTcell1[V] 4.02,System VBATTcell2[V] 3.97,Airdata rho[kg/m3] 1.20,Airdata T[C] 15.39,Airdata AoA[deg] nan,Airdata AoS[deg] nan,Airdata VCAS[m/s] 1.68,Airdata VTAS[m/s] 1.70,BMP280_0 P[Pa] 100007.17, BMP280_0 Tpackage[C] 23.69, HTU21DF_0 RH[%] 52.85, HTU21DF_0 Tpackage[C] 21.66, D6F-PH0025AD1_0 q[Pa] nan, D6F-PH0025AD1_0 Tpackage[C] nan, D6F-PH0025AD1_1 q[Pa] 1.78, D6F-PH0025AD1_1 Tpackage[C] 19.60, D6F-PH0025AD1_2 q[Pa] 3.17, D6F-PH0025AD1_2 Tpackage[C] 18.70, MPU6050_0 pitch[deg] nan, MPU6050_0 roll[deg] nan, VL53L1X_0 s[m] 0.08, GPS_0 satellites[-] -1, GPS_0 latitude[deg] 51.19, GPS_0 longitude[deg] -1.03, GPS_0 year[-] -1, GPS_0 month[-] -1, GPS_0 day[-] -1, GPS_0 hours[-] 7, GPS_0 minutes[-] 30, GPS_0 seconds[-] 16, ;
System Uptime[ms] 16045,System VBATTcell0[V] 4.06,System VBATTcell1[V] 4.02,System VBATTcell2[V] 3.97,Airdata rho[kg/m3] 1.20,Airdata T[C] 15.40,Airdata AoA[deg] nan,Airdata AoS[deg] nan,Airdata VCAS[m/s] 1.75,Airdata VTAS[m/s] 1.76,BMP280_0 P[Pa] 100008.25, BMP280_0 Tpackage[C] 23.70, HTU21DF_0 RH[%] 52.84, HTU21DF_0 Tpackage[C] 21.66, D6F-PH0025AD1_0 q[Pa] nan, D6F-PH0025AD1_0 Tpackage[C] nan, D6F-PH0025AD1_1 q[Pa] 1.94, D6F-PH0025AD1_1 Tpackage[C] 19.60, D6F-PH0025AD1_2 q[Pa] 2.55, D6F-PH0025AD1_2 Tpackage[C] 18.70, MPU6050_0 pitch[deg] nan, MPU6050_0 roll[deg] nan, VL53L1X_0 s[m] 0.08, GPS_0 satellites[-] -1, GPS_0 latitude[deg] 51.19, GPS_0 longitude[deg] -1.03, GPS_0 year[-] -1, GPS_0 month[-] -1, GPS_0 day[-] -1, GPS_0 hours[-] 7, GPS_0 minutes[-] 30, GPS_0 seconds[-] 16, ;
System Uptime[ms] 16433,System VBATTcell0[V] 4.06,System VBATTcell1[V] 4.02,System VBATTcell2[V] 3.97,Airdata rho[kg/m3] 1.20,Airdata T[C] 15.40,Airdata AoA[deg] nan,Airdata AoS[deg] nan,Airdata VCAS[m/s] 1.79,Airdata VTAS[m/s] 1.80,BMP280_0 P[Pa] 100006.25, BMP280_0 Tpackage[C] 23.70, HTU21DF_0 RH[%] 52.85, HTU21DF_0 Tpackage[C] 21.66, D6F-PH0025AD1_0 q[Pa] nan, D6F-PH0025AD1_0 Tpackage[C] nan, D6F-PH0025AD1_1 q[Pa] 1.84, D6F-PH0025AD1_1 Tpackage[C] 19.60, D6F-PH0025AD1_2 q[Pa] 2.71, D6F-PH0025AD1_2 Tpackage[C] 18.70, MPU6050_0 pitch[deg] nan, MPU6050_0 roll[deg] nan, VL53L1X_0 s[m] 0.08, GPS_0 satellites[-] -1, GPS_0 latitude[deg] 51.19, GPS_0 longitude[deg] -1.03, GPS_0 year[-] 2022, GPS_0 month[-] 7, GPS_0 day[-] 26, GPS_0 hours[-] 7, GPS_0 minutes[-] 30, GPS_0 seconds[-] 17, ;
System Uptime[ms] 16821,System VBATTcell0[V] 4.06,System VBATTcell1[V] 4.02,System VBATTcell2[V] 3.97,Airdata rho[kg/m3] 1.20,Airdata T[C] 15.40,Airdata AoA[deg] nan,Airdata AoS[deg] nan,Airdata VCAS[m/s] 1.79,Airdata VTAS[m/s] 1.81,BMP280_0 P[Pa] 100004.48, BMP280_0 Tpackage[C] 23.70, HTU21DF_0 RH[%] 52.94, HTU21DF_0 Tpackage[C] 21.67, D6F-PH0025AD1_0 q[Pa] nan, D6F-PH0025AD1_0 Tpackage[C] nan, D6F-PH0025AD1_1 q[Pa] 1.63, D6F-PH0025AD1_1 Tpackage[C] 19.60, D6F-PH0025AD1_2 q[Pa] 2.00, D6F-PH0025AD1_2 Tpackage[C] 18.70, MPU6050_0 pitch[deg] nan, MPU6050_0 roll[deg] nan, VL53L1X_0 s[m] 0.08, GPS_0 satellites[-] -1, GPS_0 latitude[deg] 51.19, GPS_0 longitude[deg] -1.03, GPS_0 year[-] 2022, GPS_0 month[-] 7, GPS_0 day[-] 26, GPS_0 hours[-] 7, GPS_0 minutes[-] 30, GPS_0 seconds[-] 17, ;
System Uptime[ms] 17209,System VBATTcell0[V] 4.06,System VBATTcell1[V] 4.01,System VBATTcell2[V] 3.98,Airdata rho[kg/m3] 1.20,Airdata T[C] 15.40,Airdata AoA[deg] nan,Airdata AoS[deg] nan,Airdata VCAS[m/s] 1.77,Airdata VTAS[m/s] 1.79,BMP280_0 P[Pa] 100001.92, BMP280_0 Tpackage[C] 23.70, HTU21DF_0 RH[%] 53.10, HTU21DF_0 Tpackage[C] 21.66, D6F-PH0025AD1_0 q[Pa] nan, D6F-PH0025AD1_0 Tpackage[C] nan, D6F-PH0025AD1_1 q[Pa] 1.37, D6F-PH0025AD1_1 Tpackage[C] 19.60, D6F-PH0025AD1_2 q[Pa] 2.05, D6F-PH0025AD1_2 Tpackage[C] 18.70, MPU6050_0 pitch[deg] nan, MPU6050_0 roll[deg] nan, VL53L1X_0 s[m] 0.08, GPS_0 satellites[-] -1, GPS_0 latitude[deg] 51.19, GPS_0 longitude[deg] -1.03, GPS_0 year[-] 2022, GPS_0 month[-] 7, GPS_0 day[-] 26, GPS_0 hours[-] 7, GPS_0 minutes[-] 30, GPS_0 seconds[-] 18, ;
System Uptime[ms] 17596,System VBATTcell0[V] 4.06,System VBATTcell1[V] 4.02,System VBATTcell2[V] 3.97,Airdata rho[kg/m3] 1.20,Airdata T[C] 15.40,Airdata AoA[deg] nan,Airdata AoS[deg] nan,Airdata VCAS[m/s] 1.78,Airdata VTAS[m/s] 1.80,BMP280_0 P[Pa] 100002.98, BMP280_0 Tpackage[C] 23.70, HTU21DF_0 RH[%] 53.20, HTU21DF_0 Tpackage[C] 21.68, D6F-PH0025AD1_0 q[Pa] nan, D6F-PH0025AD1_0 Tpackage[C] nan, D6F-PH0025AD1_1 q[Pa] 1.95, D6F-PH0025AD1_1 Tpackage[C] 19.60, D6F-PH0025AD1_2 q[Pa] 2.15, D6F-PH0025AD1_2 Tpackage[C] 18.70, MPU6050_0 pitch[deg] nan, MPU6050_0 roll[deg] nan, VL53L1X_0 s[m] 0.08, GPS_0 satellites[-] 10, GPS_0 latitude[deg] 51.19, GPS_0 longitude[deg] -1.03, GPS_0 year[-] 2022, GPS_0 month[-] 7, GPS_0 day[-] 26, GPS_0 hours[-] 7, GPS_0 minutes[-] 30, GPS_0 seconds[-] 18, ;
System Uptime[ms] 18009,System VBATTcell0[V] 4.06,System VBATTcell1[V] 4.02,System VBATTcell2[V] 3.97,Airdata rho[kg/m3] 1.20,Airdata T[C] 15.41,Airdata AoA[deg] nan,Airdata AoS[deg] nan,Airdata VCAS[m/s] 1.82,Airdata VTAS[m/s] 1.84,BMP280_0 P[Pa] 100003.20, BMP280_0 Tpackage[C] 23.71, HTU21DF_0 RH[%] 53.22, HTU21DF_0 Tpackage[C] 21.70, D6F-PH0025AD1_0 q[Pa] nan, D6F-PH0025AD1_0 Tpackage[C] nan, D6F-PH0025AD1_1 q[Pa] 2.52, D6F-PH0025AD1_1 Tpackage[C] 19.60, D6F-PH0025AD1_2 q[Pa] 2.55, D6F-PH0025AD1_2 Tpackage[C] 18.70, MPU6050_0 pitch[deg] nan, MPU6050_0 roll[deg] nan, VL53L1X_0 s[m] 0.08, GPS_0 satellites[-] 10, GPS_0 latitude[deg] 51.19, GPS_0 longitude[deg] -1.03, GPS_0 year[-] -1, GPS_0 month[-] -1, GPS_0 day[-] -1, GPS_0 hours[-] 7, GPS_0 minutes[-] 30, GPS_0 seconds[-] 18, ;
System Uptime[ms] 18397,System VBATTcell0[V] 4.06,System VBATTcell1[V] 4.02,System VBATTcell2[V] 3.97,Airdata rho[kg/m3] 1.20,Airdata T[C] 15.42,Airdata AoA[deg] nan,Airdata AoS[deg] nan,Airdata VCAS[m/s] 1.81,Airdata VTAS[m/s] 1.82,BMP280_0 P[Pa] 100004.95, BMP280_0 Tpackage[C] 23.72, HTU21DF_0 RH[%] 53.22, HTU21DF_0 Tpackage[C] 21.72, D6F-PH0025AD1_0 q[Pa] nan, D6F-PH0025AD1_0 Tpackage[C] nan, D6F-PH0025AD1_1 q[Pa] 1.52, D6F-PH0025AD1_1 Tpackage[C] 19.60, D6F-PH0025AD1_2 q[Pa] 1.84, D6F-PH0025AD1_2 Tpackage[C] 18.90, MPU6050_0 pitch[deg] nan, MPU6050_0 roll[deg] nan, VL53L1X_0 s[m] 0.08, GPS_0 satellites[-] 10, GPS_0 latitude[deg] 51.19, GPS_0 longitude[deg] -1.03, GPS_0 year[-] 2022, GPS_0 month[-] 7, GPS_0 day[-] 26, GPS_0 hours[-] 7, GPS_0 minutes[-] 30, GPS_0 seconds[-] 19, ;
System Uptime[ms] 18785,System VBATTcell0[V] 4.06,System VBATTcell1[V] 4.02,System VBATTcell2[V] 3.97,Airdata rho[kg/m3] 1.20,Airdata T[C] 15.42,Airdata AoA[deg] nan,Airdata AoS[deg] nan,Airdata VCAS[m/s] 1.79,Airdata VTAS[m/s] 1.80,BMP280_0 P[Pa] 100006.87, BMP280_0 Tpackage[C] 23.72, HTU21DF_0 RH[%] 53.23, HTU21DF_0 Tpackage[C] 21.74, D6F-PH0025AD1_0 q[Pa] nan, D6F-PH0025AD1_0 Tpackage[C] nan, D6F-PH0025AD1_1 q[Pa] 1.37, D6F-PH0025AD1_1 Tpackage[C] 19.60, D6F-PH0025AD1_2 q[Pa] 2.35, D6F-PH0025AD1_2 Tpackage[C] 18.90, MPU6050_0 pitch[deg] nan, MPU6050_0 roll[deg] nan, VL53L1X_0 s[m] 0.08, GPS_0 satellites[-] 10, GPS_0 latitude[deg] 51.19, GPS_0 longitude[deg] -1.03, GPS_0 year[-] 2022, GPS_0 month[-] 7, GPS_0 day[-] 26, GPS_0 hours[-] 7, GPS_0 minutes[-] 30, GPS_0 seconds[-] 19, ;
System Uptime[ms] 19172,System VBATTcell0[V] 4.07,System VBATTcell1[V] 4.01,System VBATTcell2[V] 3.97,Airdata rho[kg/m3] 1.20,Airdata T[C] 15.42,Airdata AoA[deg] nan,Airdata AoS[deg] nan,Airdata VCAS[m/s] 1.80,Airdata VTAS[m/s] 1.81,BMP280_0 P[Pa] 100005.45, BMP280_0 Tpackage[C] 23.72, HTU21DF_0 RH[%] 53.29, HTU21DF_0 Tpackage[C] 21.74, D6F-PH0025AD1_0 q[Pa] nan, D6F-PH0025AD1_0 Tpackage[C] nan, D6F-PH0025AD1_1 q[Pa] 1.68, D6F-PH0025AD1_1 Tpackage[C] 19.60, D6F-PH0025AD1_2 q[Pa] 2.40, D6F-PH0025AD1_2 Tpackage[C] 18.70, MPU6050_0 pitch[deg] nan, MPU6050_0 roll[deg] nan, VL53L1X_0 s[m] 0.08, GPS_0 satellites[-] 10, GPS_0 latitude[deg] 51.19, GPS_0 longitude[deg] -1.03, GPS_0 year[-] 2022, GPS_0 month[-] 7, GPS_0 day[-] 26, GPS_0 hours[-] 7, GPS_0 minutes[-] 30, GPS_0 seconds[-] 20, ;
System Uptime[ms] 19560,System VBATTcell0[V] 4.06,System VBATTcell1[V] 4.02,System VBATTcell2[V] 3.97,Airdata rho[kg/m3] 1.20,Airdata T[C] 15.43,Airdata AoA[deg] nan,Airdata AoS[deg] nan,Airdata VCAS[m/s] 1.88,Airdata VTAS[m/s] 1.90,BMP280_0 P[Pa] 100002.11, BMP280_0 Tpackage[C] 23.73, HTU21DF_0 RH[%] 53.41, HTU21DF_0 Tpackage[C] 21.76, D6F-PH0025AD1_0 q[Pa] nan, D6F-PH0025AD1_0 Tpackage[C] nan, D6F-PH0025AD1_1 q[Pa] 3.19, D6F-PH0025AD1_1 Tpackage[C] 19.60, D6F-PH0025AD1_2 q[Pa] 2.86, D6F-PH0025AD1_2 Tpackage[C] 18.70, MPU6050_0 pitch[deg] nan, MPU6050_0 roll[deg] nan, VL53L1X_0 s[m] 0.08, GPS_0 satellites[-] 10, GPS_0 latitude[deg] 51.19, GPS_0 longitude[deg] -1.03, GPS_0 year[-] 2022, GPS_0 month[-] 7, GPS_0 day[-] 26, GPS_0 hours[-] 7, GPS_0 minutes[-] 30, GPS_0 seconds[-] 20, ;
System Uptime[ms] 19948,System VBATTcell0[V] 4.06,System VBATTcell1[V] 4.02,System VBATTcell2[V] 3.97,Airdata rho[kg/m3] 1.20,Airdata T[C] 15.43,Airdata AoA[deg] nan,Airdata AoS[deg] nan,Airdata VCAS[m/s] 1.95,Airdata VTAS[m/s] 1.97,BMP280_0 P[Pa] 100002.11, BMP280_0 Tpackage[C] 23.73, HTU21DF_0 RH[%] 53.36, HTU21DF_0 Tpackage[C] 21.76, D6F-PH0025AD1_0 q[Pa] nan, D6F-PH0025AD1_0 Tpackage[C] nan, D6F-PH0025AD1_1 q[Pa] 2.87, D6F-PH0025AD1_1 Tpackage[C] 19.60, D6F-PH0025AD1_2 q[Pa] 2.77, D6F-PH0025AD1_2 Tpackage[C] 18.90, MPU6050_0 pitch[deg] nan, MPU6050_0 roll[deg] nan, VL53L1X_0 s[m] 0.08, GPS_0 satellites[-] 10, GPS_0 latitude[deg] 51.19, GPS_0 longitude[deg] -1.03, GPS_0 year[-] 2022, GPS_0 month[-] 7, GPS_0 day[-] 26, GPS_0 hours[-] 7, GPS_0 minutes[-] 30, GPS_0 seconds[-] 20, ;
System Uptime[ms] 20361,System VBATTcell0[V] 4.06,System VBATTcell1[V] 4.01,System VBATTcell2[V] 3.98,Airdata rho[kg/m3] 1.20,Airdata T[C] 15.43,Airdata AoA[deg] nan,Airdata AoS[deg] nan,Airdata VCAS[m/s] 1.93,Airdata VTAS[m/s] 1.95,BMP280_0 P[Pa] 100004.08, BMP280_0 Tpackage[C] 23.73, HTU21DF_0 RH[%] 53.20, HTU21DF_0 Tpackage[C] 21.77, D6F-PH0025AD1_0 q[Pa] nan, D6F-PH0025AD1_0 Tpackage[C] nan, D6F-PH0025AD1_1 q[Pa] 2.00, D6F-PH0025AD1_1 Tpackage[C] 19.80, D6F-PH0025AD1_2 q[Pa] 1.89, D6F-PH0025AD1_2 Tpackage[C] 18.70, MPU6050_0 pitch[deg] nan, MPU6050_0 roll[deg] nan, VL53L1X_0 s[m] 0.08, GPS_0 satellites[-] 10, GPS_0 latitude[deg] 51.19, GPS_0 longitude[deg] -1.03, GPS_0 year[-] 2022, GPS_0 month[-] 7, GPS_0 day[-] 26, GPS_0 hours[-] 7, GPS_0 minutes[-] 30, GPS_0 seconds[-] 21, ;
System Uptime[ms] 20748,System VBATTcell0[V] 4.06,System VBATTcell1[V] 4.02,System VBATTcell2[V] 3.97,Airdata rho[kg/m3] 1.20,Airdata T[C] 15.43,Airdata AoA[deg] nan,Airdata AoS[deg] nan,Airdata VCAS[m/s] 1.98,Airdata VTAS[m/s] 2.00,BMP280_0 P[Pa] 100003.91, BMP280_0 Tpackage[C] 23.73, HTU21DF_0 RH[%] 53.05, HTU21DF_0 Tpackage[C] 21.76, D6F-PH0025AD1_0 q[Pa] nan, D6F-PH0025AD1_0 Tpackage[C] nan, D6F-PH0025AD1_1 q[Pa] 2.83, D6F-PH0025AD1_1 Tpackage[C] 19.60, D6F-PH0025AD1_2 q[Pa] 3.22, D6F-PH0025AD1_2 Tpackage[C] 18.70, MPU6050_0 pitch[deg] nan, MPU6050_0 roll[deg] nan, VL53L1X_0 s[m] 0.08, GPS_0 satellites[-] 10, GPS_0 latitude[deg] 51.19, GPS_0 longitude[deg] -1.03, GPS_0 year[-] 2022, GPS_0 month[-] 7, GPS_0 day[-] 26, GPS_0 hours[-] 7, GPS_0 minutes[-] 30, GPS_0 seconds[-] 21, ;
System Uptime[ms] 21136,System VBATTcell0[V] 4.06,System VBATTcell1[V] 4.02,System VBATTcell2[V] 3.97,Airdata rho[kg/m3] 1.20,Airdata T[C] 15.43,Airdata AoA[deg] nan,Airdata AoS[deg] nan,Airdata VCAS[m/s] 2.01,Airdata VTAS[m/s] 2.04,BMP280_0 P[Pa] 100006.91, BMP280_0 Tpackage[C] 23.73, HTU21DF_0 RH[%] 52.95, HTU21DF_0 Tpackage[C] 21.78, D6F-PH0025AD1_0 q[Pa] nan, D6F-PH0025AD1_0 Tpackage[C] nan, D6F-PH0025AD1_1 q[Pa] 2.52, D6F-PH0025AD1_1 Tpackage[C] 19.60, D6F-PH0025AD1_2 q[Pa] 2.87, D6F-PH0025AD1_2 Tpackage[C] 18.70, MPU6050_0 pitch[deg] nan, MPU6050_0 roll[deg] nan, VL53L1X_0 s[m] 0.08, GPS_0 satellites[-] 10, GPS_0 latitude[deg] 51.19, GPS_0 longitude[deg] -1.03, GPS_0 year[-] 2022, GPS_0 month[-] 7, GPS_0 day[-] 26, GPS_0 hours[-] 7, GPS_0 minutes[-] 30, GPS_0 seconds[-] 22, ;
System Uptime[ms] 21524,System VBATTcell0[V] 4.06,System VBATTcell1[V] 4.02,System VBATTcell2[V] 3.97,Airdata rho[kg/m3] 1.20,Airdata T[C] 15.42,Airdata AoA[deg] nan,Airdata AoS[deg] nan,Airdata VCAS[m/s] 2.04,Airdata VTAS[m/s] 2.05,BMP280_0 P[Pa] 100004.36, BMP280_0 Tpackage[C] 23.72, HTU21DF_0 RH[%] 52.86, HTU21DF_0 Tpackage[C] 21.78, D6F-PH0025AD1_0 q[Pa] nan, D6F-PH0025AD1_0 Tpackage[C] nan, D6F-PH0025AD1_1 q[Pa] 2.67, D6F-PH0025AD1_1 Tpackage[C] 19.80, D6F-PH0025AD1_2 q[Pa] 2.61, D6F-PH0025AD1_2 Tpackage[C] 18.70, MPU6050_0 pitch[deg] nan, MPU6050_0 roll[deg] nan, VL53L1X_0 s[m] 0.08, GPS_0 satellites[-] 10, GPS_0 latitude[deg] 51.19, GPS_0 longitude[deg] -1.03, GPS_0 year[-] 2022, GPS_0 month[-] 7, GPS_0 day[-] 26, GPS_0 hours[-] 7, GPS_0 minutes[-] 30, GPS_0 seconds[-] 22, ;
System Uptime[ms] 21912,System VBATTcell0[V] 4.06,System VBATTcell1[V] 4.02,System VBATTcell2[V] 3.97,Airdata rho[kg/m3] 1.20,Airdata T[C] 15.43,Airdata AoA[deg] nan,Airdata AoS[deg] nan,Airdata VCAS[m/s] 2.01,Airdata VTAS[m/s] 2.03,BMP280_0 P[Pa] 100007.36, BMP280_0 Tpackage[C] 23.73, HTU21DF_0 RH[%] 52.82, HTU21DF_0 Tpackage[C] 21.78, D6F-PH0025AD1_0 q[Pa] nan, D6F-PH0025AD1_0 Tpackage[C] nan, D6F-PH0025AD1_1 q[Pa] 1.84, D6F-PH0025AD1_1 Tpackage[C] 19.60, D6F-PH0025AD1_2 q[Pa] 2.25, D6F-PH0025AD1_2 Tpackage[C] 18.90, MPU6050_0 pitch[deg] nan, MPU6050_0 roll[deg] nan, VL53L1X_0 s[m] 0.08, GPS_0 satellites[-] 10, GPS_0 latitude[deg] 51.19, GPS_0 longitude[deg] -1.03, GPS_0 year[-] 2022, GPS_0 month[-] 7, GPS_0 day[-] 26, GPS_0 hours[-] 7, GPS_0 minutes[-] 30, GPS_0 seconds[-] 22, ;
System Uptime[ms] 22300,System VBATTcell0[V] 4.06,System VBATTcell1[V] 4.02,System VBATTcell2[V] 3.97,Airdata rho[kg/m3] 1.20,Airdata T[C] 15.44,Airdata AoA[deg] nan,Airdata AoS[deg] nan,Airdata VCAS[m/s] 2.01,Airdata VTAS[m/s] 2.03,BMP280_0 P[Pa] 100005.66, BMP280_0 Tpackage[C] 23.74, HTU21DF_0 RH[%] 52.77, HTU21DF_0 Tpackage[C] 21.80, D6F-PH0025AD1_0 q[Pa] nan, D6F-PH0025AD1_0 Tpackage[C] nan, D6F-PH0025AD1_1 q[Pa] 2.62, D6F-PH0025AD1_1 Tpackage[C] 19.80, D6F-PH0025AD1_2 q[Pa] 2.55, D6F-PH0025AD1_2 Tpackage[C] 18.90, MPU6050_0 pitch[deg] nan, MPU6050_0 roll[deg] nan, VL53L1X_0 s[m] 0.08, GPS_0 satellites[-] 10, GPS_0 latitude[deg] 51.19, GPS_0 longitude[deg] -1.03, GPS_0 year[-] 2022, GPS_0 month[-] 7, GPS_0 day[-] 26, GPS_0 hours[-] 7, GPS_0 minutes[-] 30, GPS_0 seconds[-] 23, ;
