System Uptime[ms] 52711,System VBATTcell0[V] 3.86,System VBATTcell1[V] 3.82,System VBATTcell2[V] 3.77,Airdata rho[kg/m3] 1.25,Airdata T[C] 5.07,Airdata AoA[deg] nan,Airdata AoS[deg] nan,Airdata VCAS[m/s] 2.69,Airdata VTAS[m/s] 2.67,BMP280_0 P[Pa] 99940.10, BMP280_0 Tpackage[C] 13.37, HTU21DF_0 RH[%] 87.18, HTU21DF_0 Tpackage[C] 11.97, D6F-PH0025AD1_0 q[Pa] 4.46, D6F-PH0025AD1_0 Tpackage[C] 10.40, D6F-PH0025AD1_1 q[Pa] 4.57, D6F-PH0025AD1_1 Tpackage[C] 11.20, D6F-PH0025AD1_2 q[Pa] nan, D6F-PH0025AD1_2 Tpackage[C] nan, MPU6050_0 pitch[deg] -0.01, MPU6050_0 roll[deg] -0.20, VL53L1X_0 s[m] 0.10, ;
System Uptime[ms] 53382,System VBATTcell0[V] 3.87,System VBATTcell1[V] 3.82,System VBATTcell2[V] 3.77,Airdata rho[kg/m3] 1.25,Airdata T[C] 5.08,Airdata AoA[deg] nan,Airdata AoS[deg] nan,Airdata VCAS[m/s] 2.73,Airdata VTAS[m/s] 2.71,BMP280_0 P[Pa] 99945.55, BMP280_0 Tpackage[C] 13.38, HTU21DF_0 RH[%] 87.08, HTU21DF_0 Tpackage[C] 11.98, D6F-PH0025AD1_0 q[Pa] 5.76, D6F-PH0025AD1_0 Tpackage[C] 10.40, D6F-PH0025AD1_1 q[Pa] 4.37, D6F-PH0025AD1_1 Tpackage[C] 11.00, D6F-PH0025AD1_2 q[Pa] nan, D6F-PH0025AD1_2 Tpackage[C] nan, MPU6050_0 pitch[deg] -0.12, MPU6050_0 roll[deg] -0.20, VL53L1X_0 s[m] 0.10, ;
System Uptime[ms] 54018,System VBATTcell0[V] 3.87,System VBATTcell1[V] 3.82,System VBATTcell2[V] 3.77,Airdata rho[kg/m3] 1.25,Airdata T[C] 5.10,Airdata AoA[deg] nan,Airdata AoS[deg] nan,Airdata VCAS[m/s] 2.76,Airdata VTAS[m/s] 2.74,BMP280_0 P[Pa] 99944.05, BMP280_0 Tpackage[C] 13.40, HTU21DF_0 RH[%] 87.15, HTU21DF_0 Tpackage[C] 11.99, D6F-PH0025AD1_0 q[Pa] 5.57, D6F-PH0025AD1_0 Tpackage[C] 10.50, D6F-PH0025AD1_1 q[Pa] 4.53, D6F-PH0025AD1_1 Tpackage[C] 11.20, D6F-PH0025AD1_2 q[Pa] nan, D6F-PH0025AD1_2 Tpackage[C] nan, MPU6050_0 pitch[deg] -0.26, MPU6050_0 roll[deg] -0.26, VL53L1X_0 s[m] 0.10, ;
System Uptime[ms] 54657,System VBATTcell0[V] 3.86,System VBATTcell1[V] 3.82,System VBATTcell2[V] 3.77,Airdata rho[kg/m3] 1.25,Airdata T[C] 5.10,Airdata AoA[deg] nan,Airdata AoS[deg] nan,Airdata VCAS[m/s] 2.70,Airdata VTAS[m/s] 2.67,BMP280_0 P[Pa] 99942.25, BMP280_0 Tpackage[C] 13.40, HTU21DF_0 RH[%] 87.19, HTU21DF_0 Tpackage[C] 12.00, D6F-PH0025AD1_0 q[Pa] 3.68, D6F-PH0025AD1_0 Tpackage[C] 10.50, D6F-PH0025AD1_1 q[Pa] 2.74, D6F-PH0025AD1_1 Tpackage[C] 11.20, D6F-PH0025AD1_2 q[Pa] nan, D6F-PH0025AD1_2 Tpackage[C] nan, MPU6050_0 pitch[deg] -0.01, MPU6050_0 roll[deg] -0.21, VL53L1X_0 s[m] 0.10, ;
System Uptime[ms] 55296,System VBATTcell0[V] 3.87,System VBATTcell1[V] 3.82,System VBATTcell2[V] 3.77,Airdata rho[kg/m3] 1.25,Airdata T[C] 5.11,Airdata AoA[deg] nan,Airdata AoS[deg] nan,Airdata VCAS[m/s] 2.52,Airdata VTAS[m/s] 2.50,BMP280_0 P[Pa] 99943.19, BMP280_0 Tpackage[C] 13.41, HTU21DF_0 RH[%] 87.11, HTU21DF_0 Tpackage[C] 12.01, D6F-PH0025AD1_0 q[Pa] 2.53, D6F-PH0025AD1_0 Tpackage[C] 10.50, D6F-PH0025AD1_1 q[Pa] 2.10, D6F-PH0025AD1_1 Tpackage[C] 11.20, D6F-PH0025AD1_2 q[Pa] nan, D6F-PH0025AD1_2 Tpackage[C] nan, MPU6050_0 pitch[deg] -0.11, MPU6050_0 roll[deg] -0.18, VL53L1X_0 s[m] 0.10, ;
System Uptime[ms] 55935,System VBATTcell0[V] 3.87,System VBATTcell1[V] 3.82,System VBATTcell2[V] 3.77,Airdata rho[kg/m3] 1.25,Airdata T[C] 5.11,Airdata AoA[deg] nan,Airdata AoS[deg] nan,Airdata VCAS[m/s] 2.27,Airdata VTAS[m/s] 2.25,BMP280_0 P[Pa] 99944.55, BMP280_0 Tpackage[C] 13.41, HTU21DF_0 RH[%] 86.92, HTU21DF_0 Tpackage[C] 12.02, D6F-PH0025AD1_0 q[Pa] 1.79, D6F-PH0025AD1_0 Tpackage[C] 10.40, D6F-PH0025AD1_1 q[Pa] 2.10, D6F-PH0025AD1_1 Tpackage[C] 11.20, D6F-PH0025AD1_2 q[Pa] nan, D6F-PH0025AD1_2 Tpackage[C] nan, MPU6050_0 pitch[deg] -0.25, MPU6050_0 roll[deg] -0.25, VL53L1X_0 s[m] 0.10, ;
System Uptime[ms] 56573,System VBATTcell0[V] 3.86,System VBATTcell1[V] 3.82,System VBATTcell2[V] 3.77,Airdata rho[kg/m3] 1.25,Airdata T[C] 5.12,Airdata AoA[deg] nan,Airdata AoS[deg] nan,Airdata VCAS[m/s] 2.14,Airdata VTAS[m/s] 2.12,BMP280_0 P[Pa] 99941.53, BMP280_0 Tpackage[C] 13.42, HTU21DF_0 RH[%] 86.80, HTU21DF_0 Tpackage[C] 12.03, D6F-PH0025AD1_0 q[Pa] 2.13, D6F-PH0025AD1_0 Tpackage[C] 10.50, D6F-PH0025AD1_1 q[Pa] 2.79, D6F-PH0025AD1_1 Tpackage[C] 11.20, D6F-PH0025AD1_2 q[Pa] nan, D6F-PH0025AD1_2 Tpackage[C] nan, MPU6050_0 pitch[deg] 0.24, MPU6050_0 roll[deg] -0.26, VL53L1X_0 s[m] 0.09, ;
System Uptime[ms] 57212,System VBATTcell0[V] 3.86,System VBATTcell1[V] 3.81,System VBATTcell2[V] 3.78,Airdata rho[kg/m3] 1.25,Airdata T[C] 5.12,Airdata AoA[deg] nan,Airdata AoS[deg] nan,Airdata VCAS[m/s] 2.20,Airdata VTAS[m/s] 2.18,BMP280_0 P[Pa] 99942.95, BMP280_0 Tpackage[C] 13.42, HTU21DF_0 RH[%] 86.70, HTU21DF_0 Tpackage[C] 12.04, D6F-PH0025AD1_0 q[Pa] 3.49, D6F-PH0025AD1_0 Tpackage[C] 10.50, D6F-PH0025AD1_1 q[Pa] 3.24, D6F-PH0025AD1_1 Tpackage[C] 11.20, D6F-PH0025AD1_2 q[Pa] nan, D6F-PH0025AD1_2 Tpackage[C] nan, MPU6050_0 pitch[deg] 0.03, MPU6050_0 roll[deg] -0.41, VL53L1X_0 s[m] 0.10, ;
System Uptime[ms] 57876,System VBATTcell0[V] 3.87,System VBATTcell1[V] 3.82,System VBATTcell2[V] 3.77,Airdata rho[kg/m3] 1.25,Airdata T[C] 5.13,Airdata AoA[deg] nan,Airdata AoS[deg] nan,Airdata VCAS[m/s] 2.27,Airdata VTAS[m/s] 2.25,BMP280_0 P[Pa] 99944.83, BMP280_0 Tpackage[C] 13.43, HTU21DF_0 RH[%] 86.58, HTU21DF_0 Tpackage[C] 12.06, D6F-PH0025AD1_0 q[Pa] 3.54, D6F-PH0025AD1_0 Tpackage[C] 10.50, D6F-PH0025AD1_1 q[Pa] 3.83, D6F-PH0025AD1_1 Tpackage[C] 11.20, D6F-PH0025AD1_2 q[Pa] nan, D6F-PH0025AD1_2 Tpackage[C] nan, MPU6050_0 pitch[deg] 0.04, MPU6050_0 roll[deg] -0.63, VL53L1X_0 s[m] 0.10, ;
System Uptime[ms] 58509,System VBATTcell0[V] 3.87,System VBATTcell1[V] 3.82,System VBATTcell2[V] 3.77,Airdata rho[kg/m3] 1.25,Airdata T[C] 5.13,Airdata AoA[deg] nan,Airdata AoS[deg] nan,Airdata VCAS[m/s] 2.32,Airdata VTAS[m/s] 2.30,BMP280_0 P[Pa] 99942.36, BMP280_0 Tpackage[C] 13.43, HTU21DF_0 RH[%] 86.37, HTU21DF_0 Tpackage[C] 12.06, D6F-PH0025AD1_0 q[Pa] 3.87, D6F-PH0025AD1_0 Tpackage[C] 10.50, D6F-PH0025AD1_1 q[Pa] 2.94, D6F-PH0025AD1_1 Tpackage[C] 11.20, D6F-PH0025AD1_2 q[Pa] nan, D6F-PH0025AD1_2 Tpackage[C] nan, MPU6050_0 pitch[deg] 0.01, MPU6050_0 roll[deg] -0.57, VL53L1X_0 s[m] 0.10, ;
System Uptime[ms] 59148,System VBATTcell0[V] 3.86,System VBATTcell1[V] 3.82,System VBATTcell2[V] 3.77,Airdata rho[kg/m3] 1.25,Airdata T[C] 5.13,Airdata AoA[deg] nan,Airdata AoS[deg] nan,Airdata VCAS[m/s] 2.31,Airdata VTAS[m/s] 2.29,BMP280_0 P[Pa] 99938.64, BMP280_0 Tpackage[C] 13.43, HTU21DF_0 RH[%] 86.05, HTU21DF_0 Tpackage[C] 12.08, D6F-PH0025AD1_0 q[Pa] 3.05, D6F-PH0025AD1_0 Tpackage[C] 10.50, D6F-PH0025AD1_1 q[Pa] 3.49, D6F-PH0025AD1_1 Tpackage[C] 11.20, D6F-PH0025AD1_2 q[Pa] nan, D6F-PH0025AD1_2 Tpackage[C] nan, MPU6050_0 pitch[deg] 0.03, MPU6050_0 roll[deg] -0.64, VL53L1X_0 s[m] 0.10, ;
System Uptime[ms] 59787,System VBATTcell0[V] 3.86,System VBATTcell1[V] 3.82,System VBATTcell2[V] 3.77,Airdata rho[kg/m3] 1.25,Airdata T[C] 5.14,Airdata AoA[deg] nan,Airdata AoS[deg] nan,Airdata VCAS[m/s] 2.34,Airdata VTAS[m/s] 2.32,BMP280_0 P[Pa] 99942.23, BMP280_0 Tpackage[C] 13.44, HTU21DF_0 RH[%] 85.82, HTU21DF_0 Tpackage[C] 12.10, D6F-PH0025AD1_0 q[Pa] 3.29, D6F-PH0025AD1_0 Tpackage[C] 10.50, D6F-PH0025AD1_1 q[Pa] 4.43, D6F-PH0025AD1_1 Tpackage[C] 11.20, D6F-PH0025AD1_2 q[Pa] nan, D6F-PH0025AD1_2 Tpackage[C] nan, MPU6050_0 pitch[deg] -0.01, MPU6050_0 roll[deg] -0.89, VL53L1X_0 s[m] 0.10, ;
System Uptime[ms] 60426,System VBATTcell0[V] 3.86,System VBATTcell1[V] 3.82,System VBATTcell2[V] 3.77,Airdata rho[kg/m3] 1.25,Airdata T[C] 5.14,Airdata AoA[deg] nan,Airdata AoS[deg] nan,Airdata VCAS[m/s] 2.36,Airdata VTAS[m/s] 2.33,BMP280_0 P[Pa] 99946.11, BMP280_0 Tpackage[C] 13.44, HTU21DF_0 RH[%] 85.63, HTU21DF_0 Tpackage[C] 12.08, D6F-PH0025AD1_0 q[Pa] 2.65, D6F-PH0025AD1_0 Tpackage[C] 10.50, D6F-PH0025AD1_1 q[Pa] 4.28, D6F-PH0025AD1_1 Tpackage[C] 11.20, D6F-PH0025AD1_2 q[Pa] nan, D6F-PH0025AD1_2 Tpackage[C] nan, MPU6050_0 pitch[deg] 0.03, MPU6050_0 roll[deg] -1.07, VL53L1X_0 s[m] 0.09, ;
System Uptime[ms] 61065,System VBATTcell0[V] 3.86,System VBATTcell1[V] 3.82,System VBATTcell2[V] 3.77,Airdata rho[kg/m3] 1.25,Airdata T[C] 5.15,Airdata AoA[deg] nan,Airdata AoS[deg] nan,Airdata VCAS[m/s] 2.38,Airdata VTAS[m/s] 2.36,BMP280_0 P[Pa] 99944.30, BMP280_0 Tpackage[C] 13.45, HTU21DF_0 RH[%] 85.47, HTU21DF_0 Tpackage[C] 12.11, D6F-PH0025AD1_0 q[Pa] 3.44, D6F-PH0025AD1_0 Tpackage[C] 10.50, D6F-PH0025AD1_1 q[Pa] 3.58, D6F-PH0025AD1_1 Tpackage[C] 11.20, D6F-PH0025AD1_2 q[Pa] nan, D6F-PH0025AD1_2 Tpackage[C] nan, MPU6050_0 pitch[deg] 0.07, MPU6050_0 roll[deg] -1.06, VL53L1X_0 s[m] 0.10, ;
System Uptime[ms] 61703,System VBATTcell0[V] 3.87,System VBATTcell1[V] 3.82,System VBATTcell2[V] 3.77,Airdata rho[kg/m3] 1.25,Airdata T[C] 5.16,Airdata AoA[deg] nan,Airdata AoS[deg] nan,Airdata VCAS[m/s] 2.74,Airdata VTAS[m/s] 2.72,BMP280_0 P[Pa] 99943.95, BMP280_0 Tpackage[C] 13.46, HTU21DF_0 RH[%] 85.29, HTU21DF_0 Tpackage[C] 12.11, D6F-PH0025AD1_0 q[Pa] 7.53, D6F-PH0025AD1_0 Tpackage[C] 10.50, D6F-PH0025AD1_1 q[Pa] 10.25, D6F-PH0025AD1_1 Tpackage[C] 11.20, D6F-PH0025AD1_2 q[Pa] nan, D6F-PH0025AD1_2 Tpackage[C] nan, MPU6050_0 pitch[deg] 0.08, MPU6050_0 roll[deg] -0.84, VL53L1X_0 s[m] 0.10, ;
System Uptime[ms] 62367,System VBATTcell0[V] 3.87,System VBATTcell1[V] 3.82,System VBATTcell2[V] 3.77,Airdata rho[kg/m3] 1.25,Airdata T[C] 5.16,Airdata AoA[deg] nan,Airdata AoS[deg] nan,Airdata VCAS[m/s] 3.54,Airdata VTAS[m/s] 3.51,BMP280_0 P[Pa] 99942.58, BMP280_0 Tpackage[C] 13.46, HTU21DF_0 RH[%] 85.19, HTU21DF_0 Tpackage[C] 12.13, D6F-PH0025AD1_0 q[Pa] 9.84, D6F-PH0025AD1_0 Tpackage[C] 10.50, D6F-PH0025AD1_1 q[Pa] 10.53, D6F-PH0025AD1_1 Tpackage[C] 11.20, D6F-PH0025AD1_2 q[Pa] nan, D6F-PH0025AD1_2 Tpackage[C] nan, MPU6050_0 pitch[deg] -0.19, MPU6050_0 roll[deg] -0.71, VL53L1X_0 s[m] 0.10, ;
System Uptime[ms] 63001,System VBATTcell0[V] 3.86,System VBATTcell1[V] 3.82,System VBATTcell2[V] 3.77,Airdata rho[kg/m3] 1.25,Airdata T[C] 5.17,Airdata AoA[deg] nan,Airdata AoS[deg] nan,Airdata VCAS[m/s] 4.57,Airdata VTAS[m/s] 4.52,BMP280_0 P[Pa] 99942.08, BMP280_0 Tpackage[C] 13.47, HTU21DF_0 RH[%] 85.09, HTU21DF_0 Tpackage[C] 12.14, D6F-PH0025AD1_0 q[Pa] 17.12, D6F-PH0025AD1_0 Tpackage[C] 10.50, D6F-PH0025AD1_1 q[Pa] 12.93, D6F-PH0025AD1_1 Tpackage[C] 11.20, D6F-PH0025AD1_2 q[Pa] nan, D6F-PH0025AD1_2 Tpackage[C] nan, MPU6050_0 pitch[deg] -0.08, MPU6050_0 roll[deg] -0.57, VL53L1X_0 s[m] 0.10, ;
System Uptime[ms] 63640,System VBATTcell0[V] 3.86,System VBATTcell1[V] 3.82,System VBATTcell2[V] 3.77,Airdata rho[kg/m3] 1.25,Airdata T[C] 5.18,Airdata AoA[deg] nan,Airdata AoS[deg] nan,Airdata VCAS[m/s] 4.46,Airdata VTAS[m/s] 4.42,BMP280_0 P[Pa] 99942.61, BMP280_0 Tpackage[C] 13.48, HTU21DF_0 RH[%] 85.03, HTU21DF_0 Tpackage[C] 12.15, D6F-PH0025AD1_0 q[Pa] 11.33, D6F-PH0025AD1_0 Tpackage[C] 10.50, D6F-PH0025AD1_1 q[Pa] 11.38, D6F-PH0025AD1_1 Tpackage[C] 11.20, D6F-PH0025AD1_2 q[Pa] nan, D6F-PH0025AD1_2 Tpackage[C] nan, MPU6050_0 pitch[deg] -0.00, MPU6050_0 roll[deg] -0.57, VL53L1X_0 s[m] 0.10, ;
System Uptime[ms] 64278,System VBATTcell0[V] 3.87,System VBATTcell1[V] 3.81,System VBATTcell2[V] 3.78,Airdata rho[kg/m3] 1.25,Airdata T[C] 5.18,Airdata AoA[deg] nan,Airdata AoS[deg] nan,Airdata VCAS[m/s] 4.42,Airdata VTAS[m/s] 4.38,BMP280_0 P[Pa] 99937.08, BMP280_0 Tpackage[C] 13.48, HTU21DF_0 RH[%] 84.89, HTU21DF_0 Tpackage[C] 12.16, D6F-PH0025AD1_0 q[Pa] 13.93, D6F-PH0025AD1_0 Tpackage[C] 10.50, D6F-PH0025AD1_1 q[Pa] 8.23, D6F-PH0025AD1_1 Tpackage[C] 11.40, D6F-PH0025AD1_2 q[Pa] nan, D6F-PH0025AD1_2 Tpackage[C] nan, MPU6050_0 pitch[deg] -0.02, MPU6050_0 roll[deg] -0.45, VL53L1X_0 s[m] 0.10, ;
System Uptime[ms] 64917,System VBATTcell0[V] 3.86,System VBATTcell1[V] 3.81,System VBATTcell2[V] 3.78,Airdata rho[kg/m3] 1.25,Airdata T[C] 5.19,Airdata AoA[deg] nan,Airdata AoS[deg] nan,Airdata VCAS[m/s] 4.22,Airdata VTAS[m/s] 4.18,BMP280_0 P[Pa] 99937.67, BMP280_0 Tpackage[C] 13.49, HTU21DF_0 RH[%] 84.70, HTU21DF_0 Tpackage[C] 12.17, D6F-PH0025AD1_0 q[Pa] 11.33, D6F-PH0025AD1_0 Tpackage[C] 10.50, D6F-PH0025AD1_1 q[Pa] 8.24, D6F-PH0025AD1_1 Tpackage[C] 11.20, D6F-PH0025AD1_2 q[Pa] nan, D6F-PH0025AD1_2 Tpackage[C] nan, MPU6050_0 pitch[deg] -0.12, MPU6050_0 roll[deg] -0.05, VL53L1X_0 s[m] 0.10, ;
System Uptime[ms] 65556,System VBATTcell0[V] 3.87,System VBATTcell1[V] 3.81,System VBATTcell2[V] 3.78,Airdata rho[kg/m3] 1.25,Airdata T[C] 5.19,Airdata AoA[deg] nan,Airdata AoS[deg] nan,Airdata VCAS[m/s] 4.16,Airdata VTAS[m/s] 4.13,BMP280_0 P[Pa] 99937.56, BMP280_0 Tpackage[C] 13.49, HTU21DF_0 RH[%] 84.52, HTU21DF_0 Tpackage[C] 12.19, D6F-PH0025AD1_0 q[Pa] 10.35, D6F-PH0025AD1_0 Tpackage[C] 10.50, D6F-PH0025AD1_1 q[Pa] 11.52, D6F-PH0025AD1_1 Tpackage[C] 11.20, D6F-PH0025AD1_2 q[Pa] nan, D6F-PH0025AD1_2 Tpackage[C] nan, MPU6050_0 pitch[deg] 0.20, MPU6050_0 roll[deg] -0.08, VL53L1X_0 s[m] 0.09, ;
System Uptime[ms] 66195,System VBATTcell0[V] 3.86,System VBATTcell1[V] 3.81,System VBATTcell2[V] 3.78,Airdata rho[kg/m3] 1.25,Airdata T[C] 5.19,Airdata AoA[deg] nan,Airdata AoS[deg] nan,Airdata VCAS[m/s] 4.09,Airdata VTAS[m/s] 4.05,BMP280_0 P[Pa] 99939.25, BMP280_0 Tpackage[C] 13.49, HTU21DF_0 RH[%] 84.46, HTU21DF_0 Tpackage[C] 12.18, D6F-PH0025AD1_0 q[Pa] 9.58, D6F-PH0025AD1_0 Tpackage[C] 10.50, D6F-PH0025AD1_1 q[Pa] 8.17, D6F-PH0025AD1_1 Tpackage[C] 11.40, D6F-PH0025AD1_2 q[Pa] nan, D6F-PH0025AD1_2 Tpackage[C] nan, MPU6050_0 pitch[deg] 0.13, MPU6050_0 roll[deg] 0.06, VL53L1X_0 s[m] 0.09, ;
System Uptime[ms] 66858,System VBATTcell0[V] 3.86,System VBATTcell1[V] 3.82,System VBATTcell2[V] 3.78,Airdata rho[kg/m3] 1.25,Airdata T[C] 5.20,Airdata AoA[deg] nan,Airdata AoS[deg] nan,Airdata VCAS[m/s] 3.67,Airdata VTAS[m/s] 3.64,BMP280_0 P[Pa] 99940.33, BMP280_0 Tpackage[C] 13.50, HTU21DF_0 RH[%] 84.39, HTU21DF_0 Tpackage[C] 12.19, D6F-PH0025AD1_0 q[Pa] 7.35, D6F-PH0025AD1_0 Tpackage[C] 10.50, D6F-PH0025AD1_1 q[Pa] 2.99, D6F-PH0025AD1_1 Tpackage[C] 11.40, D6F-PH0025AD1_2 q[Pa] nan, D6F-PH0025AD1_2 Tpackage[C] nan, MPU6050_0 pitch[deg] 0.16, MPU6050_0 roll[deg] 0.39, VL53L1X_0 s[m] 0.10, ;
System Uptime[ms] 67492,System VBATTcell0[V] 3.86,System VBATTcell1[V] 3.82,System VBATTcell2[V] 3.78,Airdata rho[kg/m3] 1.25,Airdata T[C] 5.20,Airdata AoA[deg] nan,Airdata AoS[deg] nan,Airdata VCAS[m/s] 3.05,Airdata VTAS[m/s] 3.02,BMP280_0 P[Pa] 99940.16, BMP280_0 Tpackage[C] 13.50, HTU21DF_0 RH[%] 84.39, HTU21DF_0 Tpackage[C] 12.20, D6F-PH0025AD1_0 q[Pa] 5.14, D6F-PH0025AD1_0 Tpackage[C] 10.50, D6F-PH0025AD1_1 q[Pa] 3.24, D6F-PH0025AD1_1 Tpackage[C] 11.40, D6F-PH0025AD1_2 q[Pa] nan, D6F-PH0025AD1_2 Tpackage[C] nan, MPU6050_0 pitch[deg] 0.19, MPU6050_0 roll[deg] 0.74, VL53L1X_0 s[m] 0.09, ;
System Uptime[ms] 68131,System VBATTcell0[V] 3.86,System VBATTcell1[V] 3.82,System VBATTcell2[V] 3.77,Airdata rho[kg/m3] 1.25,Airdata T[C] 5.22,Airdata AoA[deg] nan,Airdata AoS[deg] nan,Airdata VCAS[m/s] 2.84,Airdata VTAS[m/s] 2.81,BMP280_0 P[Pa] 99941.17, BMP280_0 Tpackage[C] 13.52, HTU21DF_0 RH[%] 84.48, HTU21DF_0 Tpackage[C] 12.22, D6F-PH0025AD1_0 q[Pa] 4.84, D6F-PH0025AD1_0 Tpackage[C] 10.50, D6F-PH0025AD1_1 q[Pa] 4.53, D6F-PH0025AD1_1 Tpackage[C] 11.20, D6F-PH0025AD1_2 q[Pa] nan, D6F-PH0025AD1_2 Tpackage[C] nan, MPU6050_0 pitch[deg] 0.40, MPU6050_0 roll[deg] 1.46, VL53L1X_0 s[m] 0.10, ;
System Uptime[ms] 68770,System VBATTcell0[V] 3.87,System VBATTcell1[V] 3.81,System VBATTcell2[V] 3.79,Airdata rho[kg/m3] 1.25,Airdata T[C] 5.23,Airdata AoA[deg] nan,Airdata AoS[deg] nan,Airdata VCAS[m/s] 3.09,Airdata VTAS[m/s] 3.06,BMP280_0 P[Pa] 99941.81, BMP280_0 Tpackage[C] 13.53, HTU21DF_0 RH[%] 84.40, HTU21DF_0 Tpackage[C] 12.22, D6F-PH0025AD1_0 q[Pa] 7.29, D6F-PH0025AD1_0 Tpackage[C] 10.50, D6F-PH0025AD1_1 q[Pa] 7.62, D6F-PH0025AD1_1 Tpackage[C] 11.40, D6F-PH0025AD1_2 q[Pa] nan, D6F-PH0025AD1_2 Tpackage[C] nan, MPU6050_0 pitch[deg] 0.53, MPU6050_0 roll[deg] 2.51, VL53L1X_0 s[m] 0.10, ;
System Uptime[ms] 69408,System VBATTcell0[V] 3.86,System VBATTcell1[V] 3.81,System VBATTcell2[V] 3.78,Airdata rho[kg/m3] 1.25,Airdata T[C] 5.22,Airdata AoA[deg] nan,Airdata AoS[deg] nan,Airdata VCAS[m/s] 3.14,Airdata VTAS[m/s] 3.11,BMP280_0 P[Pa] 99939.86, BMP280_0 Tpackage[C] 13.52, HTU21DF_0 RH[%] 84.26, HTU21DF_0 Tpackage[C] 12.22, D6F-PH0025AD1_0 q[Pa] 5.82, D6F-PH0025AD1_0 Tpackage[C] 10.80, D6F-PH0025AD1_1 q[Pa] 5.67, D6F-PH0025AD1_1 Tpackage[C] 11.20, D6F-PH0025AD1_2 q[Pa] nan, D6F-PH0025AD1_2 Tpackage[C] nan, MPU6050_0 pitch[deg] -0.37, MPU6050_0 roll[deg] 3.36, VL53L1X_0 s[m] 0.12, ;
System Uptime[ms] 70047,System VBATTcell0[V] 3.86,System VBATTcell1[V] 3.81,System VBATTcell2[V] 3.78,Airdata rho[kg/m3] 1.25,Airdata T[C] 5.23,Airdata AoA[deg] nan,Airdata AoS[deg] nan,Airdata VCAS[m/s] 3.25,Airdata VTAS[m/s] 3.23,BMP280_0 P[Pa] 99942.25, BMP280_0 Tpackage[C] 13.53, HTU21DF_0 RH[%] 84.09, HTU21DF_0 Tpackage[C] 12.23, D6F-PH0025AD1_0 q[Pa] 7.47, D6F-PH0025AD1_0 Tpackage[C] 10.80, D6F-PH0025AD1_1 q[Pa] 7.56, D6F-PH0025AD1_1 Tpackage[C] 11.40, D6F-PH0025AD1_2 q[Pa] nan, D6F-PH0025AD1_2 Tpackage[C] nan, MPU6050_0 pitch[deg] -0.45, MPU6050_0 roll[deg] 3.91, VL53L1X_0 s[m] 0.11, ;
System Uptime[ms] 70686,System VBATTcell0[V] 3.87,System VBATTcell1[V] 3.82,System VBATTcell2[V] 3.77,Airdata rho[kg/m3] 1.25,Airdata T[C] 5.24,Airdata AoA[deg] nan,Airdata AoS[deg] nan,Airdata VCAS[m/s] 3.10,Airdata VTAS[m/s] 3.07,BMP280_0 P[Pa] 99942.67, BMP280_0 Tpackage[C] 13.54, HTU21DF_0 RH[%] 83.99, HTU21DF_0 Tpackage[C] 12.25, D6F-PH0025AD1_0 q[Pa] 5.67, D6F-PH0025AD1_0 Tpackage[C] 10.50, D6F-PH0025AD1_1 q[Pa] 1.75, D6F-PH0025AD1_1 Tpackage[C] 11.20, D6F-PH0025AD1_2 q[Pa] nan, D6F-PH0025AD1_2 Tpackage[C] nan, MPU6050_0 pitch[deg] -0.31, MPU6050_0 roll[deg] 4.08, VL53L1X_0 s[m] 0.10, ;
System Uptime[ms] 71351,System VBATTcell0[V] 3.87,System VBATTcell1[V] 3.81,System VBATTcell2[V] 3.78,Airdata rho[kg/m3] 1.25,Airdata T[C] 5.23,Airdata AoA[deg] nan,Airdata AoS[deg] nan,Airdata VCAS[m/s] 3.29,Airdata VTAS[m/s] 3.26,BMP280_0 P[Pa] 99938.63, BMP280_0 Tpackage[C] 13.53, HTU21DF_0 RH[%] 83.87, HTU21DF_0 Tpackage[C] 12.25, D6F-PH0025AD1_0 q[Pa] 7.58, D6F-PH0025AD1_0 Tpackage[C] 10.80, D6F-PH0025AD1_1 q[Pa] 8.73, D6F-PH0025AD1_1 Tpackage[C] 11.40, D6F-PH0025AD1_2 q[Pa] nan, D6F-PH0025AD1_2 Tpackage[C] nan, MPU6050_0 pitch[deg] -0.23, MPU6050_0 roll[deg] 4.06, VL53L1X_0 s[m] 0.10, ;
System Uptime[ms] 71984,System VBATTcell0[V] 3.86,System VBATTcell1[V] 3.82,System VBATTcell2[V] 3.78,Airdata rho[kg/m3] 1.25,Airdata T[C] 5.24,Airdata AoA[deg] nan,Airdata AoS[deg] nan,Airdata VCAS[m/s] 3.53,Airdata VTAS[m/s] 3.50,BMP280_0 P[Pa] 99941.86, BMP280_0 Tpackage[C] 13.54, HTU21DF_0 RH[%] 83.71, HTU21DF_0 Tpackage[C] 12.26, D6F-PH0025AD1_0 q[Pa] 7.95, D6F-PH0025AD1_0 Tpackage[C] 10.80, D6F-PH0025AD1_1 q[Pa] 8.48, D6F-PH0025AD1_1 Tpackage[C] 11.40, D6F-PH0025AD1_2 q[Pa] nan, D6F-PH0025AD1_2 Tpackage[C] nan, MPU6050_0 pitch[deg] -0.11, MPU6050_0 roll[deg] 4.02, VL53L1X_0 s[m] 0.10, ;
System Uptime[ms] 72623,System VBATTcell0[V] 3.86,System VBATTcell1[V] 3.81,System VBATTcell2[V] 3.78,Airdata rho[kg/m3] 1.25,Airdata T[C] 5.25,Airdata AoA[deg] nan,Airdata AoS[deg] nan,Airdata VCAS[m/s] 3.31,Airdata VTAS[m/s] 3.28,BMP280_0 P[Pa] 99943.48, BMP280_0 Tpackage[C] 13.55, HTU21DF_0 RH[%] 83.65, HTU21DF_0 Tpackage[C] 12.27, D6F-PH0025AD1_0 q[Pa] 4.95, D6F-PH0025AD1_0 Tpackage[C] 10.50, D6F-PH0025AD1_1 q[Pa] 5.22, D6F-PH0025AD1_1 Tpackage[C] 11.20, D6F-PH0025AD1_2 q[Pa] nan, D6F-PH0025AD1_2 Tpackage[C] nan, MPU6050_0 pitch[deg] -0.10, MPU6050_0 roll[deg] 4.08, VL53L1X_0 s[m] 0.10, ;
System Uptime[ms] 73262,System VBATTcell0[V] 3.87,System VBATTcell1[V] 3.82,System VBATTcell2[V] 3.77,Airdata rho[kg/m3] 1.25,Airdata T[C] 5.26,Airdata AoA[deg] nan,Airdata AoS[deg] nan,Airdata VCAS[m/s] 3.02,Airdata VTAS[m/s] 3.00,BMP280_0 P[Pa] 99944.03, BMP280_0 Tpackage[C] 13.56, HTU21DF_0 RH[%] 83.65, HTU21DF_0 Tpackage[C] 12.29, D6F-PH0025AD1_0 q[Pa] 4.51, D6F-PH0025AD1_0 Tpackage[C] 10.50, D6F-PH0025AD1_1 q[Pa] 4.48, D6F-PH0025AD1_1 Tpackage[C] 11.40, D6F-PH0025AD1_2 q[Pa] nan, D6F-PH0025AD1_2 Tpackage[C] nan, MPU6050_0 pitch[deg] -0.05, MPU6050_0 roll[deg] 4.41, VL53L1X_0 s[m] 0.10, ;
System Uptime[ms] 73900,System VBATTcell0[V] 3.86,System VBATTcell1[V] 3.82,System VBATTcell2[V] 3.77,Airdata rho[kg/m3] 1.25,Airdata T[C] 5.27,Airdata AoA[deg] nan,Airdata AoS[deg] nan,Airdata VCAS[m/s] 2.55,Airdata VTAS[m/s] 2.53,BMP280_0 P[Pa] 99943.97, BMP280_0 Tpackage[C] 13.57, HTU21DF_0 RH[%] 83.58, HTU21DF_0 Tpackage[C] 12.29, D6F-PH0025AD1_0 q[Pa] 1.50, D6F-PH0025AD1_0 Tpackage[C] 10.50, D6F-PH0025AD1_1 q[Pa] 3.00, D6F-PH0025AD1_1 Tpackage[C] 11.40, D6F-PH0025AD1_2 q[Pa] nan, D6F-PH0025AD1_2 Tpackage[C] nan, MPU6050_0 pitch[deg] 0.06, MPU6050_0 roll[deg] 5.13, VL53L1X_0 s[m] 0.10, ;
System Uptime[ms] 74539,System VBATTcell0[V] 3.86,System VBATTcell1[V] 3.81,System VBATTcell2[V] 3.78,Airdata rho[kg/m3] 1.25,Airdata T[C] 5.27,Airdata AoA[deg] nan,Airdata AoS[deg] nan,Airdata VCAS[m/s] 2.46,Airdata VTAS[m/s] 2.44,BMP280_0 P[Pa] 99942.97, BMP280_0 Tpackage[C] 13.57, HTU21DF_0 RH[%] 83.55, HTU21DF_0 Tpackage[C] 12.31, D6F-PH0025AD1_0 q[Pa] 3.93, D6F-PH0025AD1_0 Tpackage[C] 10.50, D6F-PH0025AD1_1 q[Pa] 2.84, D6F-PH0025AD1_1 Tpackage[C] 11.20, D6F-PH0025AD1_2 q[Pa] nan, D6F-PH0025AD1_2 Tpackage[C] nan, MPU6050_0 pitch[deg] 0.31, MPU6050_0 roll[deg] 5.85, VL53L1X_0 s[m] 0.10, ;
System Uptime[ms] 75178,System VBATTcell0[V] 3.86,System VBATTcell1[V] 3.81,System VBATTcell2[V] 3.78,Airdata rho[kg/m3] 1.25,Airdata T[C] 5.28,Airdata AoA[deg] nan,Airdata AoS[deg] nan,Airdata VCAS[m/s] 2.56,Airdata VTAS[m/s] 2.54,BMP280_0 P[Pa] 99943.41, BMP280_0 Tpackage[C] 13.58, HTU21DF_0 RH[%] 83.56, HTU21DF_0 Tpackage[C] 12.31, D6F-PH0025AD1_0 q[Pa] 4.66, D6F-PH0025AD1_0 Tpackage[C] 10.50, D6F-PH0025AD1_1 q[Pa] 5.01, D6F-PH0025AD1_1 Tpackage[C] 11.20, D6F-PH0025AD1_2 q[Pa] nan, D6F-PH0025AD1_2 Tpackage[C] nan, MPU6050_0 pitch[deg] 0.05, MPU6050_0 roll[deg] 6.61, VL53L1X_0 s[m] 0.11, ;
System Uptime[ms] 75842,System VBATTcell0[V] 3.86,System VBATTcell1[V] 3.81,System VBATTcell2[V] 3.78,Airdata rho[kg/m3] 1.25,Airdata T[C] 5.28,Airdata AoA[deg] nan,Airdata AoS[deg] nan,Airdata VCAS[m/s] 3.16,Airdata VTAS[m/s] 3.13,BMP280_0 P[Pa] 99944.52, BMP280_0 Tpackage[C] 13.58, HTU21DF_0 RH[%] 83.54, HTU21DF_0 Tpackage[C] 12.30, D6F-PH0025AD1_0 q[Pa] 10.48, D6F-PH0025AD1_0 Tpackage[C] 10.80, D6F-PH0025AD1_1 q[Pa] 7.62, D6F-PH0025AD1_1 Tpackage[C] 11.20, D6F-PH0025AD1_2 q[Pa] nan, D6F-PH0025AD1_2 Tpackage[C] nan, MPU6050_0 pitch[deg] -0.31, MPU6050_0 roll[deg] 7.35, VL53L1X_0 s[m] 0.12, ;
System Uptime[ms] 76476,System VBATTcell0[V] 3.86,System VBATTcell1[V] 3.82,System VBATTcell2[V] 3.78,Airdata rho[kg/m3] 1.25,Airdata T[C] 5.29,Airdata AoA[deg] nan,Airdata AoS[deg] nan,Airdata VCAS[m/s] 3.76,Airdata VTAS[m/s] 3.72,BMP280_0 P[Pa] 99941.94, BMP280_0 Tpackage[C] 13.59, HTU21DF_0 RH[%] 83.49, HTU21DF_0 Tpackage[C] 12.31, D6F-PH0025AD1_0 q[Pa] 10.56, D6F-PH0025AD1_0 Tpackage[C] 10.80, D6F-PH0025AD1_1 q[Pa] 10.52, D6F-PH0025AD1_1 Tpackage[C] 11.40, D6F-PH0025AD1_2 q[Pa] nan, D6F-PH0025AD1_2 Tpackage[C] nan, MPU6050_0 pitch[deg] -0.56, MPU6050_0 roll[deg] 7.93, VL53L1X_0 s[m] 0.11, ;
System Uptime[ms] 77114,System VBATTcell0[V] 3.87,System VBATTcell1[V] 3.81,System VBATTcell2[V] 3.78,Airdata rho[kg/m3] 1.25,Airdata T[C] 5.30,Airdata AoA[deg] nan,Airdata AoS[deg] nan,Airdata VCAS[m/s] 3.63,Airdata VTAS[m/s] 3.60,BMP280_0 P[Pa] 99943.83, BMP280_0 Tpackage[C] 13.60, HTU21DF_0 RH[%] 83.46, HTU21DF_0 Tpackage[C] 12.33, D6F-PH0025AD1_0 q[Pa] 8.12, D6F-PH0025AD1_0 Tpackage[C] 10.80, D6F-PH0025AD1_1 q[Pa] 4.58, D6F-PH0025AD1_1 Tpackage[C] 11.40, D6F-PH0025AD1_2 q[Pa] nan, D6F-PH0025AD1_2 Tpackage[C] nan, MPU6050_0 pitch[deg] -0.55, MPU6050_0 roll[deg] 8.14, VL53L1X_0 s[m] 0.11, ;
System Uptime[ms] 77753,System VBATTcell0[V] 3.86,System VBATTcell1[V] 3.82,System VBATTcell2[V] 3.78,Airdata rho[kg/m3] 1.25,Airdata T[C] 5.30,Airdata AoA[deg] nan,Airdata AoS[deg] nan,Airdata VCAS[m/s] 3.96,Airdata VTAS[m/s] 3.93,BMP280_0 P[Pa] 99945.80, BMP280_0 Tpackage[C] 13.60, HTU21DF_0 RH[%] 83.40, HTU21DF_0 Tpackage[C] 12.32, D6F-PH0025AD1_0 q[Pa] 11.88, D6F-PH0025AD1_0 Tpackage[C] 10.50, D6F-PH0025AD1_1 q[Pa] 10.47, D6F-PH0025AD1_1 Tpackage[C] 11.20, D6F-PH0025AD1_2 q[Pa] nan, D6F-PH0025AD1_2 Tpackage[C] nan, MPU6050_0 pitch[deg] -0.60, MPU6050_0 roll[deg] 8.19, VL53L1X_0 s[m] 0.11, ;
System Uptime[ms] 78392,System VBATTcell0[V] 3.86,System VBATTcell1[V] 3.81,System VBATTcell2[V] 3.78,Airdata rho[kg/m3] 1.25,Airdata T[C] 5.31,Airdata AoA[deg] nan,Airdata AoS[deg] nan,Airdata VCAS[m/s] 3.62,Airdata VTAS[m/s] 3.58,BMP280_0 P[Pa] 99945.63, BMP280_0 Tpackage[C] 13.61, HTU21DF_0 RH[%] 83.28, HTU21DF_0 Tpackage[C] 12.34, D6F-PH0025AD1_0 q[Pa] 5.62, D6F-PH0025AD1_0 Tpackage[C] 10.80, D6F-PH0025AD1_1 q[Pa] 7.04, D6F-PH0025AD1_1 Tpackage[C] 11.40, D6F-PH0025AD1_2 q[Pa] nan, D6F-PH0025AD1_2 Tpackage[C] nan, MPU6050_0 pitch[deg] -0.66, MPU6050_0 roll[deg] 7.93, VL53L1X_0 s[m] 0.11, ;
System Uptime[ms] 79030,System VBATTcell0[V] 3.86,System VBATTcell1[V] 3.82,System VBATTcell2[V] 3.78,Airdata rho[kg/m3] 1.25,Airdata T[C] 5.31,Airdata AoA[deg] nan,Airdata AoS[deg] nan,Airdata VCAS[m/s] 3.57,Airdata VTAS[m/s] 3.54,BMP280_0 P[Pa] 99944.53, BMP280_0 Tpackage[C] 13.61, HTU21DF_0 RH[%] 83.20, HTU21DF_0 Tpackage[C] 12.34, D6F-PH0025AD1_0 q[Pa] 7.83, D6F-PH0025AD1_0 Tpackage[C] 10.80, D6F-PH0025AD1_1 q[Pa] 7.75, D6F-PH0025AD1_1 Tpackage[C] 11.40, D6F-PH0025AD1_2 q[Pa] nan, D6F-PH0025AD1_2 Tpackage[C] nan, MPU6050_0 pitch[deg] -0.44, MPU6050_0 roll[deg] 7.70, VL53L1X_0 s[m] 0.10, ;
System Uptime[ms] 79670,System VBATTcell0[V] 3.86,System VBATTcell1[V] 3.82,System VBATTcell2[V] 3.78,Airdata rho[kg/m3] 1.25,Airdata T[C] 5.32,Airdata AoA[deg] nan,Airdata AoS[deg] nan,Airdata VCAS[m/s] 3.59,Airdata VTAS[m/s] 3.55,BMP280_0 P[Pa] 99943.25, BMP280_0 Tpackage[C] 13.62, HTU21DF_0 RH[%] 83.19, HTU21DF_0 Tpackage[C] 12.36, D6F-PH0025AD1_0 q[Pa] 7.94, D6F-PH0025AD1_0 Tpackage[C] 10.80, D6F-PH0025AD1_1 q[Pa] 7.80, D6F-PH0025AD1_1 Tpackage[C] 11.20, D6F-PH0025AD1_2 q[Pa] nan, D6F-PH0025AD1_2 Tpackage[C] nan, MPU6050_0 pitch[deg] -0.47, MPU6050_0 roll[deg] 7.17, VL53L1X_0 s[m] 0.11, ;
System Uptime[ms] 80333,System VBATTcell0[V] 3.87,System VBATTcell1[V] 3.82,System VBATTcell2[V] 3.77,Airdata rho[kg/m3] 1.25,Airdata T[C] 5.33,Airdata AoA[deg] nan,Airdata AoS[deg] nan,Airdata VCAS[m/s] 3.59,Airdata VTAS[m/s] 3.56,BMP280_0 P[Pa] 99945.39, BMP280_0 Tpackage[C] 13.63, HTU21DF_0 RH[%] 83.22, HTU21DF_0 Tpackage[C] 12.38, D6F-PH0025AD1_0 q[Pa] 8.30, D6F-PH0025AD1_0 Tpackage[C] 10.80, D6F-PH0025AD1_1 q[Pa] 7.27, D6F-PH0025AD1_1 Tpackage[C] 11.40, D6F-PH0025AD1_2 q[Pa] nan, D6F-PH0025AD1_2 Tpackage[C] nan, MPU6050_0 pitch[deg] -0.40, MPU6050_0 roll[deg] 6.27, VL53L1X_0 s[m] 0.10, ;
System Uptime[ms] 80967,System VBATTcell0[V] 3.86,System VBATTcell1[V] 3.82,System VBATTcell2[V] 3.77,Airdata rho[kg/m3] 1.25,Airdata T[C] 5.34,Airdata AoA[deg] nan,Airdata AoS[deg] nan,Airdata VCAS[m/s] 3.61,Airdata VTAS[m/s] 3.58,BMP280_0 P[Pa] 99945.48, BMP280_0 Tpackage[C] 13.64, HTU21DF_0 RH[%] 83.23, HTU21DF_0 Tpackage[C] 12.37, D6F-PH0025AD1_0 q[Pa] 8.72, D6F-PH0025AD1_0 Tpackage[C] 10.80, D6F-PH0025AD1_1 q[Pa] 7.74, D6F-PH0025AD1_1 Tpackage[C] 11.40, D6F-PH0025AD1_2 q[Pa] nan, D6F-PH0025AD1_2 Tpackage[C] nan, MPU6050_0 pitch[deg] -0.43, MPU6050_0 roll[deg] 5.60, VL53L1X_0 s[m] 0.10, ;
System Uptime[ms] 81606,System VBATTcell0[V] 3.86,System VBATTcell1[V] 3.82,System VBATTcell2[V] 3.77,Airdata rho[kg/m3] 1.25,Airdata T[C] 5.34,Airdata AoA[deg] nan,Airdata AoS[deg] nan,Airdata VCAS[m/s] 3.62,Airdata VTAS[m/s] 3.59,BMP280_0 P[Pa] 99941.12, BMP280_0 Tpackage[C] 13.64, HTU21DF_0 RH[%] 83.23, HTU21DF_0 Tpackage[C] 12.40, D6F-PH0025AD1_0 q[Pa] 8.43, D6F-PH0025AD1_0 Tpackage[C] 10.50, D6F-PH0025AD1_1 q[Pa] 7.57, D6F-PH0025AD1_1 Tpackage[C] 11.40, D6F-PH0025AD1_2 q[Pa] nan, D6F-PH0025AD1_2 Tpackage[C] nan, MPU6050_0 pitch[deg] -0.34, MPU6050_0 roll[deg] 4.94, VL53L1X_0 s[m] 0.10, ;
System Uptime[ms] 82244,System VBATTcell0[V] 3.86,System VBATTcell1[V] 3.81,System VBATTcell2[V] 3.78,Airdata rho[kg/m3] 1.25,Airdata T[C] 5.34,Airdata AoA[deg] nan,Airdata AoS[deg] nan,Airdata VCAS[m/s] 3.57,Airdata VTAS[m/s] 3.54,BMP280_0 P[Pa] 99941.88, BMP280_0 Tpackage[C] 13.64, HTU21DF_0 RH[%] 83.16, HTU21DF_0 Tpackage[C] 12.41, D6F-PH0025AD1_0 q[Pa] 7.07, D6F-PH0025AD1_0 Tpackage[C] 10.50, D6F-PH0025AD1_1 q[Pa] 6.69, D6F-PH0025AD1_1 Tpackage[C] 11.40, D6F-PH0025AD1_2 q[Pa] nan, D6F-PH0025AD1_2 Tpackage[C] nan, MPU6050_0 pitch[deg] -0.22, MPU6050_0 roll[deg] 4.32, VL53L1X_0 s[m] 0.10, ;
System Uptime[ms] 82884,System VBATTcell0[V] 3.86,System VBATTcell1[V] 3.82,System VBATTcell2[V] 3.78,Airdata rho[kg/m3] 1.25,Airdata T[C] 5.35,Airdata AoA[deg] nan,Airdata AoS[deg] nan,Airdata VCAS[m/s] 3.53,Airdata VTAS[m/s] 3.50,BMP280_0 P[Pa] 99943.83, BMP280_0 Tpackage[C] 13.65, HTU21DF_0 RH[%] 83.10, HTU21DF_0 Tpackage[C] 12.43, D6F-PH0025AD1_0 q[Pa] 6.73, D6F-PH0025AD1_0 Tpackage[C] 10.80, D6F-PH0025AD1_1 q[Pa] 7.93, D6F-PH0025AD1_1 Tpackage[C] 11.40, D6F-PH0025AD1_2 q[Pa] nan, D6F-PH0025AD1_2 Tpackage[C] nan, MPU6050_0 pitch[deg] -0.35, MPU6050_0 roll[deg] 3.68, VL53L1X_0 s[m] 0.10, ;
System Uptime[ms] 83522,System VBATTcell0[V] 3.86,System VBATTcell1[V] 3.81,System VBATTcell2[V] 3.77,Airdata rho[kg/m3] 1.25,Airdata T[C] 5.36,Airdata AoA[deg] nan,Airdata AoS[deg] nan,Airdata VCAS[m/s] 3.55,Airdata VTAS[m/s] 3.52,BMP280_0 P[Pa] 99945.02, BMP280_0 Tpackage[C] 13.66, HTU21DF_0 RH[%] 83.07, HTU21DF_0 Tpackage[C] 12.44, D6F-PH0025AD1_0 q[Pa] 8.30, D6F-PH0025AD1_0 Tpackage[C] 10.50, D6F-PH0025AD1_1 q[Pa] 7.16, D6F-PH0025AD1_1 Tpackage[C] 11.20, D6F-PH0025AD1_2 q[Pa] nan, D6F-PH0025AD1_2 Tpackage[C] nan, MPU6050_0 pitch[deg] -0.29, MPU6050_0 roll[deg] 3.08, VL53L1X_0 s[m] 0.10, ;
System Uptime[ms] 84161,System VBATTcell0[V] 3.86,System VBATTcell1[V] 3.82,System VBATTcell2[V] 3.77,Airdata rho[kg/m3] 1.25,Airdata T[C] 5.37,Airdata AoA[deg] nan,Airdata AoS[deg] nan,Airdata VCAS[m/s] 3.44,Airdata VTAS[m/s] 3.41,BMP280_0 P[Pa] 99945.63, BMP280_0 Tpackage[C] 13.67, HTU21DF_0 RH[%] 83.16, HTU21DF_0 Tpackage[C] 12.44, D6F-PH0025AD1_0 q[Pa] 6.13, D6F-PH0025AD1_0 Tpackage[C] 10.80, D6F-PH0025AD1_1 q[Pa] 5.01, D6F-PH0025AD1_1 Tpackage[C] 11.20, D6F-PH0025AD1_2 q[Pa] nan, D6F-PH0025AD1_2 Tpackage[C] nan, MPU6050_0 pitch[deg] -0.31, MPU6050_0 roll[deg] 2.65, VL53L1X_0 s[m] 0.09, ;
System Uptime[ms] 84824,System VBATTcell0[V] 3.86,System VBATTcell1[V] 3.82,System VBATTcell2[V] 3.78,Airdata rho[kg/m3] 1.25,Airdata T[C] 5.38,Airdata AoA[deg] nan,Airdata AoS[deg] nan,Airdata VCAS[m/s] 3.15,Airdata VTAS[m/s] 3.13,BMP280_0 P[Pa] 99943.37, BMP280_0 Tpackage[C] 13.68, HTU21DF_0 RH[%] 83.58, HTU21DF_0 Tpackage[C] 12.46, D6F-PH0025AD1_0 q[Pa] 3.83, D6F-PH0025AD1_0 Tpackage[C] 10.80, D6F-PH0025AD1_1 q[Pa] 4.43, D6F-PH0025AD1_1 Tpackage[C] 11.40, D6F-PH0025AD1_2 q[Pa] nan, D6F-PH0025AD1_2 Tpackage[C] nan, MPU6050_0 pitch[deg] -0.03, MPU6050_0 roll[deg] 3.21, VL53L1X_0 s[m] 0.09, ;
System Uptime[ms] 85458,System VBATTcell0[V] 3.86,System VBATTcell1[V] 3.82,System VBATTcell2[V] 3.78,Airdata rho[kg/m3] 1.25,Airdata T[C] 5.39,Airdata AoA[deg] nan,Airdata AoS[deg] nan,Airdata VCAS[m/s] 3.03,Airdata VTAS[m/s] 3.00,BMP280_0 P[Pa] 99946.82, BMP280_0 Tpackage[C] 13.69, HTU21DF_0 RH[%] 83.99, HTU21DF_0 Tpackage[C] 12.47, D6F-PH0025AD1_0 q[Pa] 5.37, D6F-PH0025AD1_0 Tpackage[C] 10.50, D6F-PH0025AD1_1 q[Pa] 4.97, D6F-PH0025AD1_1 Tpackage[C] 11.20, D6F-PH0025AD1_2 q[Pa] nan, D6F-PH0025AD1_2 Tpackage[C] nan, MPU6050_0 pitch[deg] 0.31, MPU6050_0 roll[deg] 3.96, VL53L1X_0 s[m] 0.09, ;
System Uptime[ms] 86097,System VBATTcell0[V] 3.86,System VBATTcell1[V] 3.82,System VBATTcell2[V] 3.78,Airdata rho[kg/m3] 1.25,Airdata T[C] 5.40,Airdata AoA[deg] nan,Airdata AoS[deg] nan,Airdata VCAS[m/s] 2.96,Airdata VTAS[m/s] 2.93,BMP280_0 P[Pa] 99946.75, BMP280_0 Tpackage[C] 13.70, HTU21DF_0 RH[%] 84.03, HTU21DF_0 Tpackage[C] 12.47, D6F-PH0025AD1_0 q[Pa] 4.36, D6F-PH0025AD1_0 Tpackage[C] 10.50, D6F-PH0025AD1_1 q[Pa] 5.81, D6F-PH0025AD1_1 Tpackage[C] 11.20, D6F-PH0025AD1_2 q[Pa] nan, D6F-PH0025AD1_2 Tpackage[C] nan, MPU6050_0 pitch[deg] 0.14, MPU6050_0 roll[deg] 4.25, VL53L1X_0 s[m] 0.10, ;
System Uptime[ms] 86736,System VBATTcell0[V] 3.86,System VBATTcell1[V] 3.82,System VBATTcell2[V] 3.77,Airdata rho[kg/m3] 1.25,Airdata T[C] 5.41,Airdata AoA[deg] nan,Airdata AoS[deg] nan,Airdata VCAS[m/s] 2.97,Airdata VTAS[m/s] 2.94,BMP280_0 P[Pa] 99943.28, BMP280_0 Tpackage[C] 13.71, HTU21DF_0 RH[%] 84.07, HTU21DF_0 Tpackage[C] 12.49, D6F-PH0025AD1_0 q[Pa] 4.80, D6F-PH0025AD1_0 Tpackage[C] 10.80, D6F-PH0025AD1_1 q[Pa] 6.20, D6F-PH0025AD1_1 Tpackage[C] 11.40, D6F-PH0025AD1_2 q[Pa] nan, D6F-PH0025AD1_2 Tpackage[C] nan, MPU6050_0 pitch[deg] 0.21, MPU6050_0 roll[deg] 4.42, VL53L1X_0 s[m] 0.09, ;
System Uptime[ms] 87375,System VBATTcell0[V] 3.86,System VBATTcell1[V] 3.81,System VBATTcell2[V] 3.78,Airdata rho[kg/m3] 1.25,Airdata T[C] 5.42,Airdata AoA[deg] nan,Airdata AoS[deg] nan,Airdata VCAS[m/s] 3.12,Airdata VTAS[m/s] 3.09,BMP280_0 P[Pa] 99947.27, BMP280_0 Tpackage[C] 13.72, HTU21DF_0 RH[%] 84.08, HTU21DF_0 Tpackage[C] 12.50, D6F-PH0025AD1_0 q[Pa] 7.43, D6F-PH0025AD1_0 Tpackage[C] 10.80, D6F-PH0025AD1_1 q[Pa] 6.47, D6F-PH0025AD1_1 Tpackage[C] 11.40, D6F-PH0025AD1_2 q[Pa] nan, D6F-PH0025AD1_2 Tpackage[C] nan, MPU6050_0 pitch[deg] 0.35, MPU6050_0 roll[deg] 4.57, VL53L1X_0 s[m] 0.09, ;
System Uptime[ms] 88023,System VBATTcell0[V] 3.86,System VBATTcell1[V] 3.81,System VBATTcell2[V] 3.78,Airdata rho[kg/m3] 1.25,Airdata T[C] 5.43,Airdata AoA[deg] nan,Airdata AoS[deg] nan,Airdata VCAS[m/s] 3.18,Airdata VTAS[m/s] 3.15,BMP280_0 P[Pa] 99944.95, BMP280_0 Tpackage[C] 13.73, HTU21DF_0 RH[%] 83.99, HTU21DF_0 Tpackage[C] 12.51, D6F-PH0025AD1_0 q[Pa] 6.41, D6F-PH0025AD1_0 Tpackage[C] 10.50, D6F-PH0025AD1_1 q[Pa] 6.70, D6F-PH0025AD1_1 Tpackage[C] 11.40, D6F-PH0025AD1_2 q[Pa] nan, D6F-PH0025AD1_2 Tpackage[C] nan, MPU6050_0 pitch[deg] 0.35, MPU6050_0 roll[deg] 4.59, VL53L1X_0 s[m] 0.09, ;
System Uptime[ms] 88663,System VBATTcell0[V] 3.86,System VBATTcell1[V] 3.82,System VBATTcell2[V] 3.76,Airdata rho[kg/m3] 1.25,Airdata T[C] 5.43,Airdata AoA[deg] nan,Airdata AoS[deg] nan,Airdata VCAS[m/s] 3.30,Airdata VTAS[m/s] 3.27,BMP280_0 P[Pa] 99944.18, BMP280_0 Tpackage[C] 13.73, HTU21DF_0 RH[%] 83.84, HTU21DF_0 Tpackage[C] 12.51, D6F-PH0025AD1_0 q[Pa] 7.35, D6F-PH0025AD1_0 Tpackage[C] 10.50, D6F-PH0025AD1_1 q[Pa] 8.43, D6F-PH0025AD1_1 Tpackage[C] 11.40, D6F-PH0025AD1_2 q[Pa] nan, D6F-PH0025AD1_2 Tpackage[C] nan, MPU6050_0 pitch[deg] 0.37, MPU6050_0 roll[deg] 4.71, VL53L1X_0 s[m] 0.09, ;
System Uptime[ms] 89325,System VBATTcell0[V] 3.87,System VBATTcell1[V] 3.81,System VBATTcell2[V] 3.78,Airdata rho[kg/m3] 1.25,Airdata T[C] 5.45,Airdata AoA[deg] nan,Airdata AoS[deg] nan,Airdata VCAS[m/s] 3.40,Airdata VTAS[m/s] 3.37,BMP280_0 P[Pa] 99947.03, BMP280_0 Tpackage[C] 13.75, HTU21DF_0 RH[%] 83.76, HTU21DF_0 Tpackage[C] 12.53, D6F-PH0025AD1_0 q[Pa] 7.70, D6F-PH0025AD1_0 Tpackage[C] 10.80, D6F-PH0025AD1_1 q[Pa] 6.80, D6F-PH0025AD1_1 Tpackage[C] 11.20, D6F-PH0025AD1_2 q[Pa] nan, D6F-PH0025AD1_2 Tpackage[C] nan, MPU6050_0 pitch[deg] 0.31, MPU6050_0 roll[deg] 4.81, VL53L1X_0 s[m] 0.09, ;
System Uptime[ms] 89959,System VBATTcell0[V] 3.86,System VBATTcell1[V] 3.82,System VBATTcell2[V] 3.77,Airdata rho[kg/m3] 1.25,Airdata T[C] 5.45,Airdata AoA[deg] nan,Airdata AoS[deg] nan,Airdata VCAS[m/s] 3.30,Airdata VTAS[m/s] 3.27,BMP280_0 P[Pa] 99946.85, BMP280_0 Tpackage[C] 13.75, HTU21DF_0 RH[%] 83.61, HTU21DF_0 Tpackage[C] 12.53, D6F-PH0025AD1_0 q[Pa] 5.62, D6F-PH0025AD1_0 Tpackage[C] 10.80, D6F-PH0025AD1_1 q[Pa] 5.42, D6F-PH0025AD1_1 Tpackage[C] 11.40, D6F-PH0025AD1_2 q[Pa] nan, D6F-PH0025AD1_2 Tpackage[C] nan, MPU6050_0 pitch[deg] 0.40, MPU6050_0 roll[deg] 4.77, VL53L1X_0 s[m] 0.09, ;
System Uptime[ms] 90598,System VBATTcell0[V] 3.86,System VBATTcell1[V] 3.81,System VBATTcell2[V] 3.78,Airdata rho[kg/m3] 1.25,Airdata T[C] 5.46,Airdata AoA[deg] nan,Airdata AoS[deg] nan,Airdata VCAS[m/s] 3.36,Airdata VTAS[m/s] 3.33,BMP280_0 P[Pa] 99946.59, BMP280_0 Tpackage[C] 13.76, HTU21DF_0 RH[%] 83.45, HTU21DF_0 Tpackage[C] 12.56, D6F-PH0025AD1_0 q[Pa] 7.48, D6F-PH0025AD1_0 Tpackage[C] 10.80, D6F-PH0025AD1_1 q[Pa] 8.05, D6F-PH0025AD1_1 Tpackage[C] 11.40, D6F-PH0025AD1_2 q[Pa] nan, D6F-PH0025AD1_2 Tpackage[C] nan, MPU6050_0 pitch[deg] 0.63, MPU6050_0 roll[deg] 4.92, VL53L1X_0 s[m] 0.09, ;
System Uptime[ms] 91237,System VBATTcell0[V] 3.86,System VBATTcell1[V] 3.82,System VBATTcell2[V] 3.78,Airdata rho[kg/m3] 1.25,Airdata T[C] 5.46,Airdata AoA[deg] nan,Airdata AoS[deg] nan,Airdata VCAS[m/s] 3.54,Airdata VTAS[m/s] 3.51,BMP280_0 P[Pa] 99944.45, BMP280_0 Tpackage[C] 13.76, HTU21DF_0 RH[%] 83.38, HTU21DF_0 Tpackage[C] 12.56, D6F-PH0025AD1_0 q[Pa] 9.41, D6F-PH0025AD1_0 Tpackage[C] 10.80, D6F-PH0025AD1_1 q[Pa] 8.05, D6F-PH0025AD1_1 Tpackage[C] 11.40, D6F-PH0025AD1_2 q[Pa] nan, D6F-PH0025AD1_2 Tpackage[C] nan, MPU6050_0 pitch[deg] 0.48, MPU6050_0 roll[deg] 4.72, VL53L1X_0 s[m] 0.09, ;
System Uptime[ms] 91876,System VBATTcell0[V] 3.86,System VBATTcell1[V] 3.82,System VBATTcell2[V] 3.78,Airdata rho[kg/m3] 1.25,Airdata T[C] 5.47,Airdata AoA[deg] nan,Airdata AoS[deg] nan,Airdata VCAS[m/s] 3.53,Airdata VTAS[m/s] 3.50,BMP280_0 P[Pa] 99945.59, BMP280_0 Tpackage[C] 13.77, HTU21DF_0 RH[%] 83.17, HTU21DF_0 Tpackage[C] 12.58, D6F-PH0025AD1_0 q[Pa] 7.13, D6F-PH0025AD1_0 Tpackage[C] 10.80, D6F-PH0025AD1_1 q[Pa] 7.34, D6F-PH0025AD1_1 Tpackage[C] 11.40, D6F-PH0025AD1_2 q[Pa] nan, D6F-PH0025AD1_2 Tpackage[C] nan, MPU6050_0 pitch[deg] 0.33, MPU6050_0 roll[deg] 4.77, VL53L1X_0 s[m] 0.10, ;
System Uptime[ms] 92514,System VBATTcell0[V] 3.86,System VBATTcell1[V] 3.82,System VBATTcell2[V] 3.78,Airdata rho[kg/m3] 1.25,Airdata T[C] 5.48,Airdata AoA[deg] nan,Airdata AoS[deg] nan,Airdata VCAS[m/s] 3.45,Airdata VTAS[m/s] 3.42,BMP280_0 P[Pa] 99944.70, BMP280_0 Tpackage[C] 13.78, HTU21DF_0 RH[%] 82.95, HTU21DF_0 Tpackage[C] 12.58, D6F-PH0025AD1_0 q[Pa] 5.87, D6F-PH0025AD1_0 Tpackage[C] 10.80, D6F-PH0025AD1_1 q[Pa] 7.28, D6F-PH0025AD1_1 Tpackage[C] 11.40, D6F-PH0025AD1_2 q[Pa] nan, D6F-PH0025AD1_2 Tpackage[C] nan, MPU6050_0 pitch[deg] 0.27, MPU6050_0 roll[deg] 4.92, VL53L1X_0 s[m] 0.10, ;
System Uptime[ms] 93153,System VBATTcell0[V] 3.87,System VBATTcell1[V] 3.81,System VBATTcell2[V] 3.78,Airdata rho[kg/m3] 1.25,Airdata T[C] 5.48,Airdata AoA[deg] nan,Airdata AoS[deg] nan,Airdata VCAS[m/s] 3.38,Airdata VTAS[m/s] 3.36,BMP280_0 P[Pa] 99947.16, BMP280_0 Tpackage[C] 13.78, HTU21DF_0 RH[%] 82.79, HTU21DF_0 Tpackage[C] 12.59, D6F-PH0025AD1_0 q[Pa] 5.43, D6F-PH0025AD1_0 Tpackage[C] 10.80, D6F-PH0025AD1_1 q[Pa] 7.16, D6F-PH0025AD1_1 Tpackage[C] 11.40, D6F-PH0025AD1_2 q[Pa] nan, D6F-PH0025AD1_2 Tpackage[C] nan, MPU6050_0 pitch[deg] 0.30, MPU6050_0 roll[deg] 5.09, VL53L1X_0 s[m] 0.09, ;
System Uptime[ms] 93817,System VBATTcell0[V] 3.86,System VBATTcell1[V] 3.81,System VBATTcell2[V] 3.78,Airdata rho[kg/m3] 1.25,Airdata T[C] 5.49,Airdata AoA[deg] nan,Airdata AoS[deg] nan,Airdata VCAS[m/s] 3.30,Airdata VTAS[m/s] 3.27,BMP280_0 P[Pa] 99950.48, BMP280_0 Tpackage[C] 13.79, HTU21DF_0 RH[%] 82.60, HTU21DF_0 Tpackage[C] 12.60, D6F-PH0025AD1_0 q[Pa] 5.82, D6F-PH0025AD1_0 Tpackage[C] 10.80, D6F-PH0025AD1_1 q[Pa] 4.97, D6F-PH0025AD1_1 Tpackage[C] 11.40, D6F-PH0025AD1_2 q[Pa] nan, D6F-PH0025AD1_2 Tpackage[C] nan, MPU6050_0 pitch[deg] 0.25, MPU6050_0 roll[deg] 5.26, VL53L1X_0 s[m] 0.10, ;
System Uptime[ms] 94450,System VBATTcell0[V] 3.86,System VBATTcell1[V] 3.81,System VBATTcell2[V] 3.78,Airdata rho[kg/m3] 1.25,Airdata T[C] 5.50,Airdata AoA[deg] nan,Airdata AoS[deg] nan,Airdata VCAS[m/s] 3.13,Airdata VTAS[m/s] 3.10,BMP280_0 P[Pa] 99945.98, BMP280_0 Tpackage[C] 13.80, HTU21DF_0 RH[%] 82.45, HTU21DF_0 Tpackage[C] 12.61, D6F-PH0025AD1_0 q[Pa] 4.61, D6F-PH0025AD1_0 Tpackage[C] 10.80, D6F-PH0025AD1_1 q[Pa] 5.32, D6F-PH0025AD1_1 Tpackage[C] 11.40, D6F-PH0025AD1_2 q[Pa] nan, D6F-PH0025AD1_2 Tpackage[C] nan, MPU6050_0 pitch[deg] 0.16, MPU6050_0 roll[deg] 5.43, VL53L1X_0 s[m] 0.10, ;
System Uptime[ms] 95090,System VBATTcell0[V] 3.86,System VBATTcell1[V] 3.82,System VBATTcell2[V] 3.78,Airdata rho[kg/m3] 1.25,Airdata T[C] 5.51,Airdata AoA[deg] nan,Airdata AoS[deg] nan,Airdata VCAS[m/s] 3.07,Airdata VTAS[m/s] 3.05,BMP280_0 P[Pa] 99948.77, BMP280_0 Tpackage[C] 13.81, HTU21DF_0 RH[%] 82.32, HTU21DF_0 Tpackage[C] 12.62, D6F-PH0025AD1_0 q[Pa] 5.09, D6F-PH0025AD1_0 Tpackage[C] 10.80, D6F-PH0025AD1_1 q[Pa] 6.03, D6F-PH0025AD1_1 Tpackage[C] 11.40, D6F-PH0025AD1_2 q[Pa] nan, D6F-PH0025AD1_2 Tpackage[C] nan, MPU6050_0 pitch[deg] 0.21, MPU6050_0 roll[deg] 5.52, VL53L1X_0 s[m] 0.10, ;
System Uptime[ms] 95728,System VBATTcell0[V] 3.86,System VBATTcell1[V] 3.81,System VBATTcell2[V] 3.78,Airdata rho[kg/m3] 1.25,Airdata T[C] 5.51,Airdata AoA[deg] nan,Airdata AoS[deg] nan,Airdata VCAS[m/s] 3.00,Airdata VTAS[m/s] 2.97,BMP280_0 P[Pa] 99947.52, BMP280_0 Tpackage[C] 13.81, HTU21DF_0 RH[%] 82.23, HTU21DF_0 Tpackage[C] 12.63, D6F-PH0025AD1_0 q[Pa] 4.56, D6F-PH0025AD1_0 Tpackage[C] 10.80, D6F-PH0025AD1_1 q[Pa] 4.63, D6F-PH0025AD1_1 Tpackage[C] 11.40, D6F-PH0025AD1_2 q[Pa] nan, D6F-PH0025AD1_2 Tpackage[C] nan, MPU6050_0 pitch[deg] 0.17, MPU6050_0 roll[deg] 5.77, VL53L1X_0 s[m] 0.10, ;
System Uptime[ms] 96367,System VBATTcell0[V] 3.86,System VBATTcell1[V] 3.81,System VBATTcell2[V] 3.78,Airdata rho[kg/m3] 1.25,Airdata T[C] 5.51,Airdata AoA[deg] nan,Airdata AoS[deg] nan,Airdata VCAS[m/s] 2.94,Airdata VTAS[m/s] 2.91,BMP280_0 P[Pa] 99948.97, BMP280_0 Tpackage[C] 13.81, HTU21DF_0 RH[%] 82.06, HTU21DF_0 Tpackage[C] 12.63, D6F-PH0025AD1_0 q[Pa] 4.61, D6F-PH0025AD1_0 Tpackage[C] 10.80, D6F-PH0025AD1_1 q[Pa] 5.32, D6F-PH0025AD1_1 Tpackage[C] 11.40, D6F-PH0025AD1_2 q[Pa] nan, D6F-PH0025AD1_2 Tpackage[C] nan, MPU6050_0 pitch[deg] 0.18, MPU6050_0 roll[deg] 5.93, VL53L1X_0 s[m] 0.10, ;
System Uptime[ms] 97007,System VBATTcell0[V] 3.86,System VBATTcell1[V] 3.81,System VBATTcell2[V] 3.78,Airdata rho[kg/m3] 1.25,Airdata T[C] 5.52,Airdata AoA[deg] nan,Airdata AoS[deg] nan,Airdata VCAS[m/s] 2.88,Airdata VTAS[m/s] 2.85,BMP280_0 P[Pa] 99950.73, BMP280_0 Tpackage[C] 13.82, HTU21DF_0 RH[%] 81.91, HTU21DF_0 Tpackage[C] 12.65, D6F-PH0025AD1_0 q[Pa] 4.22, D6F-PH0025AD1_0 Tpackage[C] 10.80, D6F-PH0025AD1_1 q[Pa] 4.53, D6F-PH0025AD1_1 Tpackage[C] 11.40, D6F-PH0025AD1_2 q[Pa] nan, D6F-PH0025AD1_2 Tpackage[C] nan, MPU6050_0 pitch[deg] 0.06, MPU6050_0 roll[deg] 5.95, VL53L1X_0 s[m] 0.10, ;
System Uptime[ms] 97656,System VBATTcell0[V] 3.86,System VBATTcell1[V] 3.82,System VBATTcell2[V] 3.78,Airdata rho[kg/m3] 1.25,Airdata T[C] 5.52,Airdata AoA[deg] nan,Airdata AoS[deg] nan,Airdata VCAS[m/s] 2.80,Airdata VTAS[m/s] 2.78,BMP280_0 P[Pa] 99948.81, BMP280_0 Tpackage[C] 13.82, HTU21DF_0 RH[%] 81.80, HTU21DF_0 Tpackage[C] 12.66, D6F-PH0025AD1_0 q[Pa] 3.93, D6F-PH0025AD1_0 Tpackage[C] 10.80, D6F-PH0025AD1_1 q[Pa] 4.18, D6F-PH0025AD1_1 Tpackage[C] 11.40, D6F-PH0025AD1_2 q[Pa] nan, D6F-PH0025AD1_2 Tpackage[C] nan, MPU6050_0 pitch[deg] 0.13, MPU6050_0 roll[deg] 5.97, VL53L1X_0 s[m] 0.10, ;
System Uptime[ms] 98319,System VBATTcell0[V] 3.86,System VBATTcell1[V] 3.81,System VBATTcell2[V] 3.79,Airdata rho[kg/m3] 1.25,Airdata T[C] 5.53,Airdata AoA[deg] nan,Airdata AoS[deg] nan,Airdata VCAS[m/s] 2.75,Airdata VTAS[m/s] 2.72,BMP280_0 P[Pa] 99948.41, BMP280_0 Tpackage[C] 13.83, HTU21DF_0 RH[%] 81.75, HTU21DF_0 Tpackage[C] 12.67, D6F-PH0025AD1_0 q[Pa] 4.27, D6F-PH0025AD1_0 Tpackage[C] 10.80, D6F-PH0025AD1_1 q[Pa] 3.98, D6F-PH0025AD1_1 Tpackage[C] 11.60, D6F-PH0025AD1_2 q[Pa] nan, D6F-PH0025AD1_2 Tpackage[C] nan, MPU6050_0 pitch[deg] -0.01, MPU6050_0 roll[deg] 6.17, VL53L1X_0 s[m] 0.10, ;
System Uptime[ms] 98952,System VBATTcell0[V] 3.86,System VBATTcell1[V] 3.82,System VBATTcell2[V] 3.78,Airdata rho[kg/m3] 1.25,Airdata T[C] 5.54,Airdata AoA[deg] nan,Airdata AoS[deg] nan,Airdata VCAS[m/s] 2.83,Airdata VTAS[m/s] 2.81,BMP280_0 P[Pa] 99951.41, BMP280_0 Tpackage[C] 13.84, HTU21DF_0 RH[%] 81.68, HTU21DF_0 Tpackage[C] 12.69, D6F-PH0025AD1_0 q[Pa] 6.36, D6F-PH0025AD1_0 Tpackage[C] 10.80, D6F-PH0025AD1_1 q[Pa] 5.37, D6F-PH0025AD1_1 Tpackage[C] 11.40, D6F-PH0025AD1_2 q[Pa] nan, D6F-PH0025AD1_2 Tpackage[C] nan, MPU6050_0 pitch[deg] -0.06, MPU6050_0 roll[deg] 6.59, VL53L1X_0 s[m] 0.10, ;
System Uptime[ms] 99591,System VBATTcell0[V] 3.86,System VBATTcell1[V] 3.81,System VBATTcell2[V] 3.78,Airdata rho[kg/m3] 1.25,Airdata T[C] 5.54,Airdata AoA[deg] nan,Airdata AoS[deg] nan,Airdata VCAS[m/s] 2.81,Airdata VTAS[m/s] 2.79,BMP280_0 P[Pa] 99948.83, BMP280_0 Tpackage[C] 13.84, HTU21DF_0 RH[%] 81.62, HTU21DF_0 Tpackage[C] 12.69, D6F-PH0025AD1_0 q[Pa] 5.14, D6F-PH0025AD1_0 Tpackage[C] 10.80, D6F-PH0025AD1_1 q[Pa] 2.84, D6F-PH0025AD1_1 Tpackage[C] 11.40, D6F-PH0025AD1_2 q[Pa] nan, D6F-PH0025AD1_2 Tpackage[C] nan, MPU6050_0 pitch[deg] 0.06, MPU6050_0 roll[deg] 6.69, VL53L1X_0 s[m] 0.09, ;
System Uptime[ms] 100230,System VBATTcell0[V] 3.86,System VBATTcell1[V] 3.82,System VBATTcell2[V] 3.77,Airdata rho[kg/m3] 1.25,Airdata T[C] 5.55,Airdata AoA[deg] nan,Airdata AoS[deg] nan,Airdata VCAS[m/s] 2.65,Airdata VTAS[m/s] 2.63,BMP280_0 P[Pa] 99948.34, BMP280_0 Tpackage[C] 13.85, HTU21DF_0 RH[%] 81.53, HTU21DF_0 Tpackage[C] 12.71, D6F-PH0025AD1_0 q[Pa] 2.96, D6F-PH0025AD1_0 Tpackage[C] 10.80, D6F-PH0025AD1_1 q[Pa] 3.93, D6F-PH0025AD1_1 Tpackage[C] 11.60, D6F-PH0025AD1_2 q[Pa] nan, D6F-PH0025AD1_2 Tpackage[C] nan, MPU6050_0 pitch[deg] 0.11, MPU6050_0 roll[deg] 6.69, VL53L1X_0 s[m] 0.09, ;
System Uptime[ms] 100868,System VBATTcell0[V] 3.86,System VBATTcell1[V] 3.82,System VBATTcell2[V] 3.78,Airdata rho[kg/m3] 1.25,Airdata T[C] 5.56,Airdata AoA[deg] nan,Airdata AoS[deg] nan,Airdata VCAS[m/s] 2.57,Airdata VTAS[m/s] 2.55,BMP280_0 P[Pa] 99948.27, BMP280_0 Tpackage[C] 13.86, HTU21DF_0 RH[%] 82.12, HTU21DF_0 Tpackage[C] 12.73, D6F-PH0025AD1_0 q[Pa] 3.15, D6F-PH0025AD1_0 Tpackage[C] 10.80, D6F-PH0025AD1_1 q[Pa] 4.04, D6F-PH0025AD1_1 Tpackage[C] 11.60, D6F-PH0025AD1_2 q[Pa] nan, D6F-PH0025AD1_2 Tpackage[C] nan, MPU6050_0 pitch[deg] -0.04, MPU6050_0 roll[deg] 6.48, VL53L1X_0 s[m] 0.09, ;
System Uptime[ms] 101507,System VBATTcell0[V] 3.86,System VBATTcell1[V] 3.81,System VBATTcell2[V] 3.79,Airdata rho[kg/m3] 1.25,Airdata T[C] 5.57,Airdata AoA[deg] nan,Airdata AoS[deg] nan,Airdata VCAS[m/s] 2.68,Airdata VTAS[m/s] 2.65,BMP280_0 P[Pa] 99946.08, BMP280_0 Tpackage[C] 13.87, HTU21DF_0 RH[%] 82.41, HTU21DF_0 Tpackage[C] 12.74, D6F-PH0025AD1_0 q[Pa] 5.29, D6F-PH0025AD1_0 Tpackage[C] 10.80, D6F-PH0025AD1_1 q[Pa] 5.42, D6F-PH0025AD1_1 Tpackage[C] 11.60, D6F-PH0025AD1_2 q[Pa] nan, D6F-PH0025AD1_2 Tpackage[C] nan, MPU6050_0 pitch[deg] -0.12, MPU6050_0 roll[deg] 6.24, VL53L1X_0 s[m] 0.09, ;
System Uptime[ms] 102146,System VBATTcell0[V] 3.86,System VBATTcell1[V] 3.82,System VBATTcell2[V] 3.78,Airdata rho[kg/m3] 1.25,Airdata T[C] 5.58,Airdata AoA[deg] nan,Airdata AoS[deg] nan,Airdata VCAS[m/s] 2.77,Airdata VTAS[m/s] 2.75,BMP280_0 P[Pa] 99948.77, BMP280_0 Tpackage[C] 13.88, HTU21DF_0 RH[%] 82.52, HTU21DF_0 Tpackage[C] 12.75, D6F-PH0025AD1_0 q[Pa] 5.00, D6F-PH0025AD1_0 Tpackage[C] 10.80, D6F-PH0025AD1_1 q[Pa] 5.47, D6F-PH0025AD1_1 Tpackage[C] 11.40, D6F-PH0025AD1_2 q[Pa] nan, D6F-PH0025AD1_2 Tpackage[C] nan, MPU6050_0 pitch[deg] -0.05, MPU6050_0 roll[deg] 6.02, VL53L1X_0 s[m] 0.09, ;
System Uptime[ms] 102810,System VBATTcell0[V] 3.86,System VBATTcell1[V] 3.81,System VBATTcell2[V] 3.78,Airdata rho[kg/m3] 1.25,Airdata T[C] 5.58,Airdata AoA[deg] nan,Airdata AoS[deg] nan,Airdata VCAS[m/s] 2.84,Airdata VTAS[m/s] 2.82,BMP280_0 P[Pa] 99946.74, BMP280_0 Tpackage[C] 13.88, HTU21DF_0 RH[%] 82.51, HTU21DF_0 Tpackage[C] 12.76, D6F-PH0025AD1_0 q[Pa] 5.93, D6F-PH0025AD1_0 Tpackage[C] 11.00, D6F-PH0025AD1_1 q[Pa] 4.38, D6F-PH0025AD1_1 Tpackage[C] 11.40, D6F-PH0025AD1_2 q[Pa] nan, D6F-PH0025AD1_2 Tpackage[C] nan, MPU6050_0 pitch[deg] 0.17, MPU6050_0 roll[deg] 5.67, VL53L1X_0 s[m] 0.08, ;
System Uptime[ms] 103444,System VBATTcell0[V] 3.86,System VBATTcell1[V] 3.82,System VBATTcell2[V] 3.78,Airdata rho[kg/m3] 1.25,Airdata T[C] 5.59,Airdata AoA[deg] nan,Airdata AoS[deg] nan,Airdata VCAS[m/s] 2.86,Airdata VTAS[m/s] 2.83,BMP280_0 P[Pa] 99945.34, BMP280_0 Tpackage[C] 13.89, HTU21DF_0 RH[%] 82.42, HTU21DF_0 Tpackage[C] 12.77, D6F-PH0025AD1_0 q[Pa] 5.68, D6F-PH0025AD1_0 Tpackage[C] 11.00, D6F-PH0025AD1_1 q[Pa] 4.38, D6F-PH0025AD1_1 Tpackage[C] 11.60, D6F-PH0025AD1_2 q[Pa] nan, D6F-PH0025AD1_2 Tpackage[C] nan, MPU6050_0 pitch[deg] 0.33, MPU6050_0 roll[deg] 5.75, VL53L1X_0 s[m] 0.08, ;
System Uptime[ms] 104082,System VBATTcell0[V] 3.87,System VBATTcell1[V] 3.82,System VBATTcell2[V] 3.77,Airdata rho[kg/m3] 1.25,Airdata T[C] 5.60,Airdata AoA[deg] nan,Airdata AoS[deg] nan,Airdata VCAS[m/s] 2.81,Airdata VTAS[m/s] 2.79,BMP280_0 P[Pa] 99946.44, BMP280_0 Tpackage[C] 13.90, HTU21DF_0 RH[%] 82.32, HTU21DF_0 Tpackage[C] 12.78, D6F-PH0025AD1_0 q[Pa] 4.51, D6F-PH0025AD1_0 Tpackage[C] 11.00, D6F-PH0025AD1_1 q[Pa] 4.38, D6F-PH0025AD1_1 Tpackage[C] 11.60, D6F-PH0025AD1_2 q[Pa] nan, D6F-PH0025AD1_2 Tpackage[C] nan, MPU6050_0 pitch[deg] 0.24, MPU6050_0 roll[deg] 5.70, VL53L1X_0 s[m] 0.08, ;
System Uptime[ms] 104721,System VBATTcell0[V] 3.86,System VBATTcell1[V] 3.82,System VBATTcell2[V] 3.77,Airdata rho[kg/m3] 1.25,Airdata T[C] 5.61,Airdata AoA[deg] nan,Airdata AoS[deg] nan,Airdata VCAS[m/s] 2.80,Airdata VTAS[m/s] 2.78,BMP280_0 P[Pa] 99943.95, BMP280_0 Tpackage[C] 13.91, HTU21DF_0 RH[%] 82.20, HTU21DF_0 Tpackage[C] 12.78, D6F-PH0025AD1_0 q[Pa] 4.90, D6F-PH0025AD1_0 Tpackage[C] 10.80, D6F-PH0025AD1_1 q[Pa] 4.48, D6F-PH0025AD1_1 Tpackage[C] 11.60, D6F-PH0025AD1_2 q[Pa] nan, D6F-PH0025AD1_2 Tpackage[C] nan, MPU6050_0 pitch[deg] 0.34, MPU6050_0 roll[deg] 5.67, VL53L1X_0 s[m] 0.08, ;
System Uptime[ms] 105360,System VBATTcell0[V] 3.86,System VBATTcell1[V] 3.82,System VBATTcell2[V] 3.78,Airdata rho[kg/m3] 1.25,Airdata T[C] 5.61,Airdata AoA[deg] nan,Airdata AoS[deg] nan,Airdata VCAS[m/s] 2.80,Airdata VTAS[m/s] 2.78,BMP280_0 P[Pa] 99948.87, BMP280_0 Tpackage[C] 13.91, HTU21DF_0 RH[%] 82.07, HTU21DF_0 Tpackage[C] 12.79, D6F-PH0025AD1_0 q[Pa] 5.29, D6F-PH0025AD1_0 Tpackage[C] 10.80, D6F-PH0025AD1_1 q[Pa] 3.99, D6F-PH0025AD1_1 Tpackage[C] 11.40, D6F-PH0025AD1_2 q[Pa] nan, D6F-PH0025AD1_2 Tpackage[C] nan, MPU6050_0 pitch[deg] 0.39, MPU6050_0 roll[deg] 5.65, VL53L1X_0 s[m] 0.08, ;
System Uptime[ms] 105999,System VBATTcell0[V] 3.86,System VBATTcell1[V] 3.81,System VBATTcell2[V] 3.78,Airdata rho[kg/m3] 1.25,Airdata T[C] 5.62,Airdata AoA[deg] nan,Airdata AoS[deg] nan,Airdata VCAS[m/s] 2.85,Airdata VTAS[m/s] 2.83,BMP280_0 P[Pa] 99947.98, BMP280_0 Tpackage[C] 13.92, HTU21DF_0 RH[%] 81.95, HTU21DF_0 Tpackage[C] 12.80, D6F-PH0025AD1_0 q[Pa] 5.78, D6F-PH0025AD1_0 Tpackage[C] 10.80, D6F-PH0025AD1_1 q[Pa] 5.87, D6F-PH0025AD1_1 Tpackage[C] 11.40, D6F-PH0025AD1_2 q[Pa] nan, D6F-PH0025AD1_2 Tpackage[C] nan, MPU6050_0 pitch[deg] 0.40, MPU6050_0 roll[deg] 5.78, VL53L1X_0 s[m] 0.08, ;
System Uptime[ms] 106638,System VBATTcell0[V] 3.86,System VBATTcell1[V] 3.81,System VBATTcell2[V] 3.79,Airdata rho[kg/m3] 1.25,Airdata T[C] 5.63,Airdata AoA[deg] nan,Airdata AoS[deg] nan,Airdata VCAS[m/s] 2.90,Airdata VTAS[m/s] 2.87,BMP280_0 P[Pa] 99946.77, BMP280_0 Tpackage[C] 13.93, HTU21DF_0 RH[%] 81.85, HTU21DF_0 Tpackage[C] 12.82, D6F-PH0025AD1_0 q[Pa] 5.44, D6F-PH0025AD1_0 Tpackage[C] 11.00, D6F-PH0025AD1_1 q[Pa] 5.23, D6F-PH0025AD1_1 Tpackage[C] 11.40, D6F-PH0025AD1_2 q[Pa] nan, D6F-PH0025AD1_2 Tpackage[C] nan, MPU6050_0 pitch[deg] 0.43, MPU6050_0 roll[deg] 5.79, VL53L1X_0 s[m] 0.08, ;
System Uptime[ms] 107302,System VBATTcell0[V] 3.86,System VBATTcell1[V] 3.82,System VBATTcell2[V] 3.77,Airdata rho[kg/m3] 1.25,Airdata T[C] 5.64,Airdata AoA[deg] nan,Airdata AoS[deg] nan,Airdata VCAS[m/s] 2.92,Airdata VTAS[m/s] 2.89,BMP280_0 P[Pa] 99948.86, BMP280_0 Tpackage[C] 13.94, HTU21DF_0 RH[%] 81.78, HTU21DF_0 Tpackage[C] 12.84, D6F-PH0025AD1_0 q[Pa] 5.43, D6F-PH0025AD1_0 Tpackage[C] 11.00, D6F-PH0025AD1_1 q[Pa] 5.47, D6F-PH0025AD1_1 Tpackage[C] 11.60, D6F-PH0025AD1_2 q[Pa] nan, D6F-PH0025AD1_2 Tpackage[C] nan, MPU6050_0 pitch[deg] 0.41, MPU6050_0 roll[deg] 5.77, VL53L1X_0 s[m] 0.08, ;
System Uptime[ms] 107936,System VBATTcell0[V] 3.86,System VBATTcell1[V] 3.82,System VBATTcell2[V] 3.78,Airdata rho[kg/m3] 1.25,Airdata T[C] 5.64,Airdata AoA[deg] nan,Airdata AoS[deg] nan,Airdata VCAS[m/s] 2.94,Airdata VTAS[m/s] 2.92,BMP280_0 P[Pa] 99946.91, BMP280_0 Tpackage[C] 13.94, HTU21DF_0 RH[%] 81.73, HTU21DF_0 Tpackage[C] 12.84, D6F-PH0025AD1_0 q[Pa] 5.73, D6F-PH0025AD1_0 Tpackage[C] 11.00, D6F-PH0025AD1_1 q[Pa] 5.03, D6F-PH0025AD1_1 Tpackage[C] 11.60, D6F-PH0025AD1_2 q[Pa] nan, D6F-PH0025AD1_2 Tpackage[C] nan, MPU6050_0 pitch[deg] 0.42, MPU6050_0 roll[deg] 5.61, VL53L1X_0 s[m] 0.08, ;
System Uptime[ms] 108574,System VBATTcell0[V] 3.86,System VBATTcell1[V] 3.81,System VBATTcell2[V] 3.78,Airdata rho[kg/m3] 1.25,Airdata T[C] 5.64,Airdata AoA[deg] nan,Airdata AoS[deg] nan,Airdata VCAS[m/s] 2.90,Airdata VTAS[m/s] 2.87,BMP280_0 P[Pa] 99945.38, BMP280_0 Tpackage[C] 13.94, HTU21DF_0 RH[%] 81.68, HTU21DF_0 Tpackage[C] 12.85, D6F-PH0025AD1_0 q[Pa] 4.67, D6F-PH0025AD1_0 Tpackage[C] 10.80, D6F-PH0025AD1_1 q[Pa] 3.78, D6F-PH0025AD1_1 Tpackage[C] 11.60, D6F-PH0025AD1_2 q[Pa] nan, D6F-PH0025AD1_2 Tpackage[C] nan, MPU6050_0 pitch[deg] 0.45, MPU6050_0 roll[deg] 5.41, VL53L1X_0 s[m] 0.08, ;
System Uptime[ms] 109213,System VBATTcell0[V] 3.86,System VBATTcell1[V] 3.82,System VBATTcell2[V] 3.78,Airdata rho[kg/m3] 1.25,Airdata T[C] 5.66,Airdata AoA[deg] nan,Airdata AoS[deg] nan,Airdata VCAS[m/s] 2.79,Airdata VTAS[m/s] 2.77,BMP280_0 P[Pa] 99946.28, BMP280_0 Tpackage[C] 13.96, HTU21DF_0 RH[%] 81.61, HTU21DF_0 Tpackage[C] 12.87, D6F-PH0025AD1_0 q[Pa] 3.64, D6F-PH0025AD1_0 Tpackage[C] 11.00, D6F-PH0025AD1_1 q[Pa] 3.55, D6F-PH0025AD1_1 Tpackage[C] 11.60, D6F-PH0025AD1_2 q[Pa] nan, D6F-PH0025AD1_2 Tpackage[C] nan, MPU6050_0 pitch[deg] 0.47, MPU6050_0 roll[deg] 5.26, VL53L1X_0 s[m] 0.08, ;
System Uptime[ms] 109852,System VBATTcell0[V] 3.86,System VBATTcell1[V] 3.82,System VBATTcell2[V] 3.78,Airdata rho[kg/m3] 1.25,Airdata T[C] 5.67,Airdata AoA[deg] nan,Airdata AoS[deg] nan,Airdata VCAS[m/s] 2.72,Airdata VTAS[m/s] 2.70,BMP280_0 P[Pa] 99947.52, BMP280_0 Tpackage[C] 13.97, HTU21DF_0 RH[%] 81.68, HTU21DF_0 Tpackage[C] 12.89, D6F-PH0025AD1_0 q[Pa] 3.88, D6F-PH0025AD1_0 Tpackage[C] 11.00, D6F-PH0025AD1_1 q[Pa] 4.38, D6F-PH0025AD1_1 Tpackage[C] 11.60, D6F-PH0025AD1_2 q[Pa] nan, D6F-PH0025AD1_2 Tpackage[C] nan, MPU6050_0 pitch[deg] 0.46, MPU6050_0 roll[deg] 5.19, VL53L1X_0 s[m] 0.08, ;
System Uptime[ms] 110490,System VBATTcell0[V] 3.86,System VBATTcell1[V] 3.82,System VBATTcell2[V] 3.78,Airdata rho[kg/m3] 1.25,Airdata T[C] 5.68,Airdata AoA[deg] nan,Airdata AoS[deg] nan,Airdata VCAS[m/s] 2.72,Airdata VTAS[m/s] 2.70,BMP280_0 P[Pa] 99946.56, BMP280_0 Tpackage[C] 13.98, HTU21DF_0 RH[%] 81.81, HTU21DF_0 Tpackage[C] 12.90, D6F-PH0025AD1_0 q[Pa] 5.15, D6F-PH0025AD1_0 Tpackage[C] 10.80, D6F-PH0025AD1_1 q[Pa] 3.44, D6F-PH0025AD1_1 Tpackage[C] 11.40, D6F-PH0025AD1_2 q[Pa] nan, D6F-PH0025AD1_2 Tpackage[C] nan, MPU6050_0 pitch[deg] 0.46, MPU6050_0 roll[deg] 5.33, VL53L1X_0 s[m] 0.08, ;
System Uptime[ms] 111129,System VBATTcell0[V] 3.86,System VBATTcell1[V] 3.82,System VBATTcell2[V] 3.77,Airdata rho[kg/m3] 1.25,Airdata T[C] 5.69,Airdata AoA[deg] nan,Airdata AoS[deg] nan,Airdata VCAS[m/s] 2.74,Airdata VTAS[m/s] 2.71,BMP280_0 P[Pa] 99945.55, BMP280_0 Tpackage[C] 13.99, HTU21DF_0 RH[%] 82.41, HTU21DF_0 Tpackage[C] 12.90, D6F-PH0025AD1_0 q[Pa] 5.78, D6F-PH0025AD1_0 Tpackage[C] 11.00, D6F-PH0025AD1_1 q[Pa] 3.64, D6F-PH0025AD1_1 Tpackage[C] 11.60, D6F-PH0025AD1_2 q[Pa] nan, D6F-PH0025AD1_2 Tpackage[C] nan, MPU6050_0 pitch[deg] 0.39, MPU6050_0 roll[deg] 4.85, VL53L1X_0 s[m] 0.08, ;
System Uptime[ms] 111793,System VBATTcell0[V] 3.86,System VBATTcell1[V] 3.82,System VBATTcell2[V] 3.78,Airdata rho[kg/m3] 1.25,Airdata T[C] 5.72,Airdata AoA[deg] nan,Airdata AoS[deg] nan,Airdata VCAS[m/s] 2.65,Airdata VTAS[m/s] 2.63,BMP280_0 P[Pa] 99947.17, BMP280_0 Tpackage[C] 14.02, HTU21DF_0 RH[%] 83.44, HTU21DF_0 Tpackage[C] 12.93, D6F-PH0025AD1_0 q[Pa] 4.12, D6F-PH0025AD1_0 Tpackage[C] 11.00, D6F-PH0025AD1_1 q[Pa] 2.75, D6F-PH0025AD1_1 Tpackage[C] 11.40, D6F-PH0025AD1_2 q[Pa] nan, D6F-PH0025AD1_2 Tpackage[C] nan, MPU6050_0 pitch[deg] 0.36, MPU6050_0 roll[deg] 4.49, VL53L1X_0 s[m] 0.08, ;
System Uptime[ms] 112427,System VBATTcell0[V] 3.86,System VBATTcell1[V] 3.82,System VBATTcell2[V] 3.77,Airdata rho[kg/m3] 1.25,Airdata T[C] 5.73,Airdata AoA[deg] nan,Airdata AoS[deg] nan,Airdata VCAS[m/s] 2.51,Airdata VTAS[m/s] 2.49,BMP280_0 P[Pa] 99949.47, BMP280_0 Tpackage[C] 14.03, HTU21DF_0 RH[%] 84.35, HTU21DF_0 Tpackage[C] 12.95, D6F-PH0025AD1_0 q[Pa] 2.39, D6F-PH0025AD1_0 Tpackage[C] 10.80, D6F-PH0025AD1_1 q[Pa] 4.08, D6F-PH0025AD1_1 Tpackage[C] 11.40, D6F-PH0025AD1_2 q[Pa] nan, D6F-PH0025AD1_2 Tpackage[C] nan, MPU6050_0 pitch[deg] 0.09, MPU6050_0 roll[deg] 4.51, VL53L1X_0 s[m] 0.08, ;
System Uptime[ms] 113066,System VBATTcell0[V] 3.86,System VBATTcell1[V] 3.81,System VBATTcell2[V] 3.78,Airdata rho[kg/m3] 1.24,Airdata T[C] 5.75,Airdata AoA[deg] nan,Airdata AoS[deg] nan,Airdata VCAS[m/s] 2.48,Airdata VTAS[m/s] 2.46,BMP280_0 P[Pa] 99949.61, BMP280_0 Tpackage[C] 14.05, HTU21DF_0 RH[%] 84.90, HTU21DF_0 Tpackage[C] 12.99, D6F-PH0025AD1_0 q[Pa] 3.79, D6F-PH0025AD1_0 Tpackage[C] 11.00, D6F-PH0025AD1_1 q[Pa] 2.35, D6F-PH0025AD1_1 Tpackage[C] 11.40, D6F-PH0025AD1_2 q[Pa] nan, D6F-PH0025AD1_2 Tpackage[C] nan, MPU6050_0 pitch[deg] 0.22, MPU6050_0 roll[deg] 4.34, VL53L1X_0 s[m] 0.08, ;
System Uptime[ms] 113705,System VBATTcell0[V] 3.86,System VBATTcell1[V] 3.82,System VBATTcell2[V] 3.78,Airdata rho[kg/m3] 1.24,Airdata T[C] 5.76,Airdata AoA[deg] nan,Airdata AoS[deg] nan,Airdata VCAS[m/s] 2.42,Airdata VTAS[m/s] 2.40,BMP280_0 P[Pa] 99947.13, BMP280_0 Tpackage[C] 14.06, HTU21DF_0 RH[%] 85.29, HTU21DF_0 Tpackage[C] 12.99, D6F-PH0025AD1_0 q[Pa] 3.50, D6F-PH0025AD1_0 Tpackage[C] 11.00, D6F-PH0025AD1_1 q[Pa] 3.05, D6F-PH0025AD1_1 Tpackage[C] 11.40, D6F-PH0025AD1_2 q[Pa] nan, D6F-PH0025AD1_2 Tpackage[C] nan, MPU6050_0 pitch[deg] 0.33, MPU6050_0 roll[deg] 4.62, VL53L1X_0 s[m] 0.08, ;
System Uptime[ms] 114343,System VBATTcell0[V] 3.86,System VBATTcell1[V] 3.81,System VBATTcell2[V] 3.78,Airdata rho[kg/m3] 1.24,Airdata T[C] 5.77,Airdata AoA[deg] nan,Airdata AoS[deg] nan,Airdata VCAS[m/s] 2.49,Airdata VTAS[m/s] 2.47,BMP280_0 P[Pa] 99948.99, BMP280_0 Tpackage[C] 14.07, HTU21DF_0 RH[%] 85.64, HTU21DF_0 Tpackage[C] 13.01, D6F-PH0025AD1_0 q[Pa] 4.85, D6F-PH0025AD1_0 Tpackage[C] 10.80, D6F-PH0025AD1_1 q[Pa] 4.49, D6F-PH0025AD1_1 Tpackage[C] 11.40, D6F-PH0025AD1_2 q[Pa] nan, D6F-PH0025AD1_2 Tpackage[C] nan, MPU6050_0 pitch[deg] 0.21, MPU6050_0 roll[deg] 4.11, VL53L1X_0 s[m] 0.08, ;
System Uptime[ms] 114982,System VBATTcell0[V] 3.86,System VBATTcell1[V] 3.81,System VBATTcell2[V] 3.78,Airdata rho[kg/m3] 1.24,Airdata T[C] 5.79,Airdata AoA[deg] nan,Airdata AoS[deg] nan,Airdata VCAS[m/s] 2.90,Airdata VTAS[m/s] 2.88,BMP280_0 P[Pa] 99948.41, BMP280_0 Tpackage[C] 14.09, HTU21DF_0 RH[%] 86.25, HTU21DF_0 Tpackage[C] 13.02, D6F-PH0025AD1_0 q[Pa] 7.72, D6F-PH0025AD1_0 Tpackage[C] 10.80, D6F-PH0025AD1_1 q[Pa] 9.05, D6F-PH0025AD1_1 Tpackage[C] 11.40, D6F-PH0025AD1_2 q[Pa] nan, D6F-PH0025AD1_2 Tpackage[C] nan, MPU6050_0 pitch[deg] -1.44, MPU6050_0 roll[deg] 3.54, VL53L1X_0 s[m] 0.08, ;
System Uptime[ms] 115621,System VBATTcell0[V] 3.86,System VBATTcell1[V] 3.81,System VBATTcell2[V] 3.78,Airdata rho[kg/m3] 1.24,Airdata T[C] 5.80,Airdata AoA[deg] nan,Airdata AoS[deg] nan,Airdata VCAS[m/s] 4.06,Airdata VTAS[m/s] 4.03,BMP280_0 P[Pa] 99945.38, BMP280_0 Tpackage[C] 14.10, HTU21DF_0 RH[%] 86.55, HTU21DF_0 Tpackage[C] 13.03, D6F-PH0025AD1_0 q[Pa] 11.55, D6F-PH0025AD1_0 Tpackage[C] 11.00, D6F-PH0025AD1_1 q[Pa] 16.63, D6F-PH0025AD1_1 Tpackage[C] 11.40, D6F-PH0025AD1_2 q[Pa] nan, D6F-PH0025AD1_2 Tpackage[C] nan, MPU6050_0 pitch[deg] -1.92, MPU6050_0 roll[deg] 4.47, VL53L1X_0 s[m] 0.08, ;
System Uptime[ms] 116285,System VBATTcell0[V] 3.86,System VBATTcell1[V] 3.82,System VBATTcell2[V] 3.78,Airdata rho[kg/m3] 1.24,Airdata T[C] 5.82,Airdata AoA[deg] nan,Airdata AoS[deg] nan,Airdata VCAS[m/s] 5.00,Airdata VTAS[m/s] 4.96,BMP280_0 P[Pa] 99950.96, BMP280_0 Tpackage[C] 14.12, HTU21DF_0 RH[%] 86.48, HTU21DF_0 Tpackage[C] 13.05, D6F-PH0025AD1_0 q[Pa] 14.03, D6F-PH0025AD1_0 Tpackage[C] 10.80, D6F-PH0025AD1_1 q[Pa] 20.75, D6F-PH0025AD1_1 Tpackage[C] 11.60, D6F-PH0025AD1_2 q[Pa] nan, D6F-PH0025AD1_2 Tpackage[C] nan, MPU6050_0 pitch[deg] -1.74, MPU6050_0 roll[deg] 4.31, VL53L1X_0 s[m] 0.08, ;
System Uptime[ms] 116918,System VBATTcell0[V] 3.86,System VBATTcell1[V] 3.82,System VBATTcell2[V] 3.78,Airdata rho[kg/m3] 1.24,Airdata T[C] 5.83,Airdata AoA[deg] nan,Airdata AoS[deg] nan,Airdata VCAS[m/s] 5.78,Airdata VTAS[m/s] 5.73,BMP280_0 P[Pa] 99952.56, BMP280_0 Tpackage[C] 14.13, HTU21DF_0 RH[%] 86.68, HTU21DF_0 Tpackage[C] 13.05, D6F-PH0025AD1_0 q[Pa] 22.40, D6F-PH0025AD1_0 Tpackage[C] 11.00, D6F-PH0025AD1_1 q[Pa] 20.26, D6F-PH0025AD1_1 Tpackage[C] 11.40, D6F-PH0025AD1_2 q[Pa] nan, D6F-PH0025AD1_2 Tpackage[C] nan, MPU6050_0 pitch[deg] -2.34, MPU6050_0 roll[deg] 4.16, VL53L1X_0 s[m] 0.08, ;
System Uptime[ms] 117557,System VBATTcell0[V] 3.86,System VBATTcell1[V] 3.82,System VBATTcell2[V] 3.78,Airdata rho[kg/m3] 1.24,Airdata T[C] 5.84,Airdata AoA[deg] nan,Airdata AoS[deg] nan,Airdata VCAS[m/s] 5.97,Airdata VTAS[m/s] 5.92,BMP280_0 P[Pa] 99947.11, BMP280_0 Tpackage[C] 14.14, HTU21DF_0 RH[%] 86.51, HTU21DF_0 Tpackage[C] 13.08, D6F-PH0025AD1_0 q[Pa] 28.71, D6F-PH0025AD1_0 Tpackage[C] 11.00, D6F-PH0025AD1_1 q[Pa] 16.63, D6F-PH0025AD1_1 Tpackage[C] 11.40, D6F-PH0025AD1_2 q[Pa] nan, D6F-PH0025AD1_2 Tpackage[C] nan, MPU6050_0 pitch[deg] -2.20, MPU6050_0 roll[deg] 3.87, VL53L1X_0 s[m] 0.08, ;
System Uptime[ms] 118196,System VBATTcell0[V] 3.86,System VBATTcell1[V] 3.81,System VBATTcell2[V] 3.78,Airdata rho[kg/m3] 1.24,Airdata T[C] 5.86,Airdata AoA[deg] nan,Airdata AoS[deg] nan,Airdata VCAS[m/s] 6.47,Airdata VTAS[m/s] 6.42,BMP280_0 P[Pa] 99946.27, BMP280_0 Tpackage[C] 14.16, HTU21DF_0 RH[%] 86.35, HTU21DF_0 Tpackage[C] 13.09, D6F-PH0025AD1_0 q[Pa] 29.35, D6F-PH0025AD1_0 Tpackage[C] 11.00, D6F-PH0025AD1_1 q[Pa] 24.79, D6F-PH0025AD1_1 Tpackage[C] 11.40, D6F-PH0025AD1_2 q[Pa] nan, D6F-PH0025AD1_2 Tpackage[C] nan, MPU6050_0 pitch[deg] -1.81, MPU6050_0 roll[deg] 3.98, VL53L1X_0 s[m] 0.08, ;
System Uptime[ms] 118835,System VBATTcell0[V] 3.86,System VBATTcell1[V] 3.81,System VBATTcell2[V] 3.78,Airdata rho[kg/m3] 1.24,Airdata T[C] 5.87,Airdata AoA[deg] nan,Airdata AoS[deg] nan,Airdata VCAS[m/s] 7.35,Airdata VTAS[m/s] 7.29,BMP280_0 P[Pa] 99946.72, BMP280_0 Tpackage[C] 14.17, HTU21DF_0 RH[%] 86.07, HTU21DF_0 Tpackage[C] 13.10, D6F-PH0025AD1_0 q[Pa] 34.69, D6F-PH0025AD1_0 Tpackage[C] 11.00, D6F-PH0025AD1_1 q[Pa] 40.00, D6F-PH0025AD1_1 Tpackage[C] 11.40, D6F-PH0025AD1_2 q[Pa] nan, D6F-PH0025AD1_2 Tpackage[C] nan, MPU6050_0 pitch[deg] -2.09, MPU6050_0 roll[deg] 3.77, VL53L1X_0 s[m] 0.08, ;
System Uptime[ms] 119473,System VBATTcell0[V] 3.86,System VBATTcell1[V] 3.82,System VBATTcell2[V] 3.78,Airdata rho[kg/m3] 1.24,Airdata T[C] 5.88,Airdata AoA[deg] nan,Airdata AoS[deg] nan,Airdata VCAS[m/s] 7.00,Airdata VTAS[m/s] 6.95,BMP280_0 P[Pa] 99946.22, BMP280_0 Tpackage[C] 14.18, HTU21DF_0 RH[%] 85.34, HTU21DF_0 Tpackage[C] 13.11, D6F-PH0025AD1_0 q[Pa] 28.28, D6F-PH0025AD1_0 Tpackage[C] 10.80, D6F-PH0025AD1_1 q[Pa] 27.94, D6F-PH0025AD1_1 Tpackage[C] 11.40, D6F-PH0025AD1_2 q[Pa] nan, D6F-PH0025AD1_2 Tpackage[C] nan, MPU6050_0 pitch[deg] -0.91, MPU6050_0 roll[deg] 3.64, VL53L1X_0 s[m] 0.08, ;
System Uptime[ms] 120112,System VBATTcell0[V] 3.86,System VBATTcell1[V] 3.82,System VBATTcell2[V] 3.78,Airdata rho[kg/m3] 1.24,Airdata T[C] 5.88,Airdata AoA[deg] nan,Airdata AoS[deg] nan,Airdata VCAS[m/s] 7.30,Airdata VTAS[m/s] 7.24,BMP280_0 P[Pa] 99947.38, BMP280_0 Tpackage[C] 14.18, HTU21DF_0 RH[%] 84.54, HTU21DF_0 Tpackage[C] 13.14, D6F-PH0025AD1_0 q[Pa] 36.72, D6F-PH0025AD1_0 Tpackage[C] 10.80, D6F-PH0025AD1_1 q[Pa] 30.48, D6F-PH0025AD1_1 Tpackage[C] 11.40, D6F-PH0025AD1_2 q[Pa] nan, D6F-PH0025AD1_2 Tpackage[C] nan, MPU6050_0 pitch[deg] -2.12, MPU6050_0 roll[deg] 3.33, VL53L1X_0 s[m] 0.08, ;
System Uptime[ms] 120776,System VBATTcell0[V] 3.86,System VBATTcell1[V] 3.82,System VBATTcell2[V] 3.78,Airdata rho[kg/m3] 1.24,Airdata T[C] 5.88,Airdata AoA[deg] nan,Airdata AoS[deg] nan,Airdata VCAS[m/s] 8.16,Airdata VTAS[m/s] 8.09,BMP280_0 P[Pa] 99943.83, BMP280_0 Tpackage[C] 14.18, HTU21DF_0 RH[%] 83.80, HTU21DF_0 Tpackage[C] 13.14, D6F-PH0025AD1_0 q[Pa] 39.88, D6F-PH0025AD1_0 Tpackage[C] 10.80, D6F-PH0025AD1_1 q[Pa] 50.16, D6F-PH0025AD1_1 Tpackage[C] 11.60, D6F-PH0025AD1_2 q[Pa] nan, D6F-PH0025AD1_2 Tpackage[C] nan, MPU6050_0 pitch[deg] -1.03, MPU6050_0 roll[deg] 3.44, VL53L1X_0 s[m] 0.08, ;
System Uptime[ms] 121410,System VBATTcell0[V] 3.86,System VBATTcell1[V] 3.81,System VBATTcell2[V] 3.78,Airdata rho[kg/m3] 1.24,Airdata T[C] 5.89,Airdata AoA[deg] nan,Airdata AoS[deg] nan,Airdata VCAS[m/s] 8.08,Airdata VTAS[m/s] 8.02,BMP280_0 P[Pa] 99946.22, BMP280_0 Tpackage[C] 14.19, HTU21DF_0 RH[%] 83.16, HTU21DF_0 Tpackage[C] 13.15, D6F-PH0025AD1_0 q[Pa] 39.05, D6F-PH0025AD1_0 Tpackage[C] 10.80, D6F-PH0025AD1_1 q[Pa] 37.49, D6F-PH0025AD1_1 Tpackage[C] 11.60, D6F-PH0025AD1_2 q[Pa] nan, D6F-PH0025AD1_2 Tpackage[C] nan, MPU6050_0 pitch[deg] 1.82, MPU6050_0 roll[deg] 3.45, VL53L1X_0 s[m] 0.09, ;
System Uptime[ms] 122049,System VBATTcell0[V] 3.87,System VBATTcell1[V] 3.81,System VBATTcell2[V] 3.78,Airdata rho[kg/m3] 1.24,Airdata T[C] 5.90,Airdata AoA[deg] nan,Airdata AoS[deg] nan,Airdata VCAS[m/s] 7.71,Airdata VTAS[m/s] 7.65,BMP280_0 P[Pa] 99944.98, BMP280_0 Tpackage[C] 14.20, HTU21DF_0 RH[%] 82.78, HTU21DF_0 Tpackage[C] 13.16, D6F-PH0025AD1_0 q[Pa] 27.55, D6F-PH0025AD1_0 Tpackage[C] 10.80, D6F-PH0025AD1_1 q[Pa] 42.61, D6F-PH0025AD1_1 Tpackage[C] 11.40, D6F-PH0025AD1_2 q[Pa] nan, D6F-PH0025AD1_2 Tpackage[C] nan, MPU6050_0 pitch[deg] 1.79, MPU6050_0 roll[deg] 2.81, VL53L1X_0 s[m] 0.10, ;
System Uptime[ms] 122698,System VBATTcell0[V] 3.86,System VBATTcell1[V] 3.81,System VBATTcell2[V] 3.78,Airdata rho[kg/m3] 1.24,Airdata T[C] 5.90,Airdata AoA[deg] nan,Airdata AoS[deg] nan,Airdata VCAS[m/s] 8.07,Airdata VTAS[m/s] 8.01,BMP280_0 P[Pa] 99948.80, BMP280_0 Tpackage[C] 14.20, HTU21DF_0 RH[%] 82.25, HTU21DF_0 Tpackage[C] 13.16, D6F-PH0025AD1_0 q[Pa] 43.55, D6F-PH0025AD1_0 Tpackage[C] 11.00, D6F-PH0025AD1_1 q[Pa] 32.63, D6F-PH0025AD1_1 Tpackage[C] 11.40, D6F-PH0025AD1_2 q[Pa] nan, D6F-PH0025AD1_2 Tpackage[C] nan, MPU6050_0 pitch[deg] 1.37, MPU6050_0 roll[deg] 2.09, VL53L1X_0 s[m] 0.10, ;
System Uptime[ms] 123336,System VBATTcell0[V] 3.86,System VBATTcell1[V] 3.81,System VBATTcell2[V] 3.78,Airdata rho[kg/m3] 1.24,Airdata T[C] 5.90,Airdata AoA[deg] nan,Airdata AoS[deg] nan,Airdata VCAS[m/s] 7.86,Airdata VTAS[m/s] 7.80,BMP280_0 P[Pa] 99949.52, BMP280_0 Tpackage[C] 14.20, HTU21DF_0 RH[%] 81.82, HTU21DF_0 Tpackage[C] 13.18, D6F-PH0025AD1_0 q[Pa] 37.51, D6F-PH0025AD1_0 Tpackage[C] 11.00, D6F-PH0025AD1_1 q[Pa] 37.91, D6F-PH0025AD1_1 Tpackage[C] 11.40, D6F-PH0025AD1_2 q[Pa] nan, D6F-PH0025AD1_2 Tpackage[C] nan, MPU6050_0 pitch[deg] 2.50, MPU6050_0 roll[deg] 1.21, VL53L1X_0 s[m] 0.14, ;
System Uptime[ms] 123974,System VBATTcell0[V] 3.86,System VBATTcell1[V] 3.82,System VBATTcell2[V] 3.78,Airdata rho[kg/m3] 1.24,Airdata T[C] 5.91,Airdata AoA[deg] nan,Airdata AoS[deg] nan,Airdata VCAS[m/s] 7.62,Airdata VTAS[m/s] 7.56,BMP280_0 P[Pa] 99944.56, BMP280_0 Tpackage[C] 14.21, HTU21DF_0 RH[%] 81.40, HTU21DF_0 Tpackage[C] 13.19, D6F-PH0025AD1_0 q[Pa] 34.34, D6F-PH0025AD1_0 Tpackage[C] 10.80, D6F-PH0025AD1_1 q[Pa] 29.78, D6F-PH0025AD1_1 Tpackage[C] 11.40, D6F-PH0025AD1_2 q[Pa] nan, D6F-PH0025AD1_2 Tpackage[C] nan, MPU6050_0 pitch[deg] 3.03, MPU6050_0 roll[deg] 0.40, VL53L1X_0 s[m] 0.14, ;
System Uptime[ms] 124613,System VBATTcell0[V] 3.86,System VBATTcell1[V] 3.82,System VBATTcell2[V] 3.78,Airdata rho[kg/m3] 1.24,Airdata T[C] 5.91,Airdata AoA[deg] nan,Airdata AoS[deg] nan,Airdata VCAS[m/s] 7.37,Airdata VTAS[m/s] 7.31,BMP280_0 P[Pa] 99941.83, BMP280_0 Tpackage[C] 14.21, HTU21DF_0 RH[%] 81.11, HTU21DF_0 Tpackage[C] 13.20, D6F-PH0025AD1_0 q[Pa] 27.97, D6F-PH0025AD1_0 Tpackage[C] 11.00, D6F-PH0025AD1_1 q[Pa] 38.23, D6F-PH0025AD1_1 Tpackage[C] 11.40, D6F-PH0025AD1_2 q[Pa] nan, D6F-PH0025AD1_2 Tpackage[C] nan, MPU6050_0 pitch[deg] -1.14, MPU6050_0 roll[deg] 1.00, VL53L1X_0 s[m] 0.17, ;
System Uptime[ms] 125277,System VBATTcell0[V] 3.86,System VBATTcell1[V] 3.82,System VBATTcell2[V] 3.78,Airdata rho[kg/m3] 1.24,Airdata T[C] 5.92,Airdata AoA[deg] nan,Airdata AoS[deg] nan,Airdata VCAS[m/s] 8.06,Airdata VTAS[m/s] 7.99,BMP280_0 P[Pa] 99946.08, BMP280_0 Tpackage[C] 14.22, HTU21DF_0 RH[%] 80.77, HTU21DF_0 Tpackage[C] 13.20, D6F-PH0025AD1_0 q[Pa] 38.30, D6F-PH0025AD1_0 Tpackage[C] 11.00, D6F-PH0025AD1_1 q[Pa] 45.17, D6F-PH0025AD1_1 Tpackage[C] 11.60, D6F-PH0025AD1_2 q[Pa] nan, D6F-PH0025AD1_2 Tpackage[C] nan, MPU6050_0 pitch[deg] 0.05, MPU6050_0 roll[deg] -0.27, VL53L1X_0 s[m] 0.13, ;
System Uptime[ms] 125910,System VBATTcell0[V] 3.86,System VBATTcell1[V] 3.82,System VBATTcell2[V] 3.78,Airdata rho[kg/m3] 1.24,Airdata T[C] 5.93,Airdata AoA[deg] nan,Airdata AoS[deg] nan,Airdata VCAS[m/s] 7.24,Airdata VTAS[m/s] 7.18,BMP280_0 P[Pa] 99937.70, BMP280_0 Tpackage[C] 14.23, HTU21DF_0 RH[%] 80.55, HTU21DF_0 Tpackage[C] 13.23, D6F-PH0025AD1_0 q[Pa] 26.15, D6F-PH0025AD1_0 Tpackage[C] 10.80, D6F-PH0025AD1_1 q[Pa] 31.49, D6F-PH0025AD1_1 Tpackage[C] 11.60, D6F-PH0025AD1_2 q[Pa] nan, D6F-PH0025AD1_2 Tpackage[C] nan, MPU6050_0 pitch[deg] 2.17, MPU6050_0 roll[deg] 0.26, VL53L1X_0 s[m] 0.14, ;
System Uptime[ms] 126550,System VBATTcell0[V] 3.86,System VBATTcell1[V] 3.81,System VBATTcell2[V] 3.78,Airdata rho[kg/m3] 1.24,Airdata T[C] 5.93,Airdata AoA[deg] nan,Airdata AoS[deg] nan,Airdata VCAS[m/s] 6.28,Airdata VTAS[m/s] 6.23,BMP280_0 P[Pa] 99946.33, BMP280_0 Tpackage[C] 14.23, HTU21DF_0 RH[%] 80.31, HTU21DF_0 Tpackage[C] 13.23, D6F-PH0025AD1_0 q[Pa] 17.35, D6F-PH0025AD1_0 Tpackage[C] 11.00, D6F-PH0025AD1_1 q[Pa] 21.40, D6F-PH0025AD1_1 Tpackage[C] 11.60, D6F-PH0025AD1_2 q[Pa] nan, D6F-PH0025AD1_2 Tpackage[C] nan, MPU6050_0 pitch[deg] -0.11, MPU6050_0 roll[deg] 0.94, VL53L1X_0 s[m] 0.14, ;
System Uptime[ms] 127189,System VBATTcell0[V] 3.86,System VBATTcell1[V] 3.81,System VBATTcell2[V] 3.78,Airdata rho[kg/m3] 1.24,Airdata T[C] 5.94,Airdata AoA[deg] nan,Airdata AoS[deg] nan,Airdata VCAS[m/s] 5.98,Airdata VTAS[m/s] 5.94,BMP280_0 P[Pa] 99943.64, BMP280_0 Tpackage[C] 14.24, HTU21DF_0 RH[%] 80.17, HTU21DF_0 Tpackage[C] 13.23, D6F-PH0025AD1_0 q[Pa] 18.40, D6F-PH0025AD1_0 Tpackage[C] 11.00, D6F-PH0025AD1_1 q[Pa] 25.60, D6F-PH0025AD1_1 Tpackage[C] 11.60, D6F-PH0025AD1_2 q[Pa] nan, D6F-PH0025AD1_2 Tpackage[C] nan, MPU6050_0 pitch[deg] -1.07, MPU6050_0 roll[deg] -1.15, VL53L1X_0 s[m] 0.09, ;
System Uptime[ms] 127827,System VBATTcell0[V] 3.86,System VBATTcell1[V] 3.81,System VBATTcell2[V] 3.78,Airdata rho[kg/m3] 1.24,Airdata T[C] 5.95,Airdata AoA[deg] nan,Airdata AoS[deg] nan,Airdata VCAS[m/s] 5.78,Airdata VTAS[m/s] 5.73,BMP280_0 P[Pa] 99935.11, BMP280_0 Tpackage[C] 14.25, HTU21DF_0 RH[%] 80.04, HTU21DF_0 Tpackage[C] 13.24, D6F-PH0025AD1_0 q[Pa] 18.19, D6F-PH0025AD1_0 Tpackage[C] 11.00, D6F-PH0025AD1_1 q[Pa] 19.91, D6F-PH0025AD1_1 Tpackage[C] 11.60, D6F-PH0025AD1_2 q[Pa] nan, D6F-PH0025AD1_2 Tpackage[C] nan, MPU6050_0 pitch[deg] 0.55, MPU6050_0 roll[deg] -3.86, VL53L1X_0 s[m] 0.05, ;
System Uptime[ms] 128466,System VBATTcell0[V] 3.86,System VBATTcell1[V] 3.81,System VBATTcell2[V] 3.78,Airdata rho[kg/m3] 1.24,Airdata T[C] 5.96,Airdata AoA[deg] nan,Airdata AoS[deg] nan,Airdata VCAS[m/s] 4.66,Airdata VTAS[m/s] 4.63,BMP280_0 P[Pa] 99936.13, BMP280_0 Tpackage[C] 14.26, HTU21DF_0 RH[%] 79.95, HTU21DF_0 Tpackage[C] 13.25, D6F-PH0025AD1_0 q[Pa] 9.91, D6F-PH0025AD1_0 Tpackage[C] 11.00, D6F-PH0025AD1_1 q[Pa] 5.99, D6F-PH0025AD1_1 Tpackage[C] 11.60, D6F-PH0025AD1_2 q[Pa] nan, D6F-PH0025AD1_2 Tpackage[C] nan, MPU6050_0 pitch[deg] 1.72, MPU6050_0 roll[deg] -7.66, VL53L1X_0 s[m] 0.04, ;
System Uptime[ms] 129105,System VBATTcell0[V] 3.85,System VBATTcell1[V] 3.82,System VBATTcell2[V] 3.78,Airdata rho[kg/m3] 1.24,Airdata T[C] 5.97,Airdata AoA[deg] nan,Airdata AoS[deg] nan,Airdata VCAS[m/s] 4.76,Airdata VTAS[m/s] 4.72,BMP280_0 P[Pa] 99942.30, BMP280_0 Tpackage[C] 14.27, HTU21DF_0 RH[%] 79.92, HTU21DF_0 Tpackage[C] 13.26, D6F-PH0025AD1_0 q[Pa] 16.58, D6F-PH0025AD1_0 Tpackage[C] 11.00, D6F-PH0025AD1_1 q[Pa] 11.90, D6F-PH0025AD1_1 Tpackage[C] 11.60, D6F-PH0025AD1_2 q[Pa] nan, D6F-PH0025AD1_2 Tpackage[C] nan, MPU6050_0 pitch[deg] 2.04, MPU6050_0 roll[deg] -8.53, VL53L1X_0 s[m] 0.07, ;
System Uptime[ms] 129768,System VBATTcell0[V] 3.86,System VBATTcell1[V] 3.82,System VBATTcell2[V] 3.78,Airdata rho[kg/m3] 1.24,Airdata T[C] 5.98,Airdata AoA[deg] nan,Airdata AoS[deg] nan,Airdata VCAS[m/s] 3.77,Airdata VTAS[m/s] 3.74,BMP280_0 P[Pa] 99940.52, BMP280_0 Tpackage[C] 14.28, HTU21DF_0 RH[%] 80.07, HTU21DF_0 Tpackage[C] 13.27, D6F-PH0025AD1_0 q[Pa] 7.20, D6F-PH0025AD1_0 Tpackage[C] 11.00, D6F-PH0025AD1_1 q[Pa] 5.37, D6F-PH0025AD1_1 Tpackage[C] 11.60, D6F-PH0025AD1_2 q[Pa] nan, D6F-PH0025AD1_2 Tpackage[C] nan, MPU6050_0 pitch[deg] 2.80, MPU6050_0 roll[deg] -6.29, VL53L1X_0 s[m] 0.06, ;
System Uptime[ms] 130402,System VBATTcell0[V] 3.86,System VBATTcell1[V] 3.81,System VBATTcell2[V] 3.78,Airdata rho[kg/m3] 1.24,Airdata T[C] 5.99,Airdata AoA[deg] nan,Airdata AoS[deg] nan,Airdata VCAS[m/s] 2.50,Airdata VTAS[m/s] 2.48,BMP280_0 P[Pa] 99940.89, BMP280_0 Tpackage[C] 14.29, HTU21DF_0 RH[%] 80.11, HTU21DF_0 Tpackage[C] 13.30, D6F-PH0025AD1_0 q[Pa] 0.00, D6F-PH0025AD1_0 Tpackage[C] 11.00, D6F-PH0025AD1_1 q[Pa] 4.98, D6F-PH0025AD1_1 Tpackage[C] 11.60, D6F-PH0025AD1_2 q[Pa] nan, D6F-PH0025AD1_2 Tpackage[C] nan, MPU6050_0 pitch[deg] 2.29, MPU6050_0 roll[deg] -4.65, VL53L1X_0 s[m] 0.07, ;
System Uptime[ms] 131041,System VBATTcell0[V] 3.86,System VBATTcell1[V] 3.82,System VBATTcell2[V] 3.78,Airdata rho[kg/m3] 1.24,Airdata T[C] 6.00,Airdata AoA[deg] nan,Airdata AoS[deg] nan,Airdata VCAS[m/s] 2.26,Airdata VTAS[m/s] 2.24,BMP280_0 P[Pa] 99941.62, BMP280_0 Tpackage[C] 14.30, HTU21DF_0 RH[%] 80.19, HTU21DF_0 Tpackage[C] 13.31, D6F-PH0025AD1_0 q[Pa] 0.64, D6F-PH0025AD1_0 Tpackage[C] 11.00, D6F-PH0025AD1_1 q[Pa] 4.73, D6F-PH0025AD1_1 Tpackage[C] 11.60, D6F-PH0025AD1_2 q[Pa] nan, D6F-PH0025AD1_2 Tpackage[C] nan, MPU6050_0 pitch[deg] 1.80, MPU6050_0 roll[deg] -3.87, VL53L1X_0 s[m] 0.05, ;
System Uptime[ms] 131680,System VBATTcell0[V] 3.87,System VBATTcell1[V] 3.81,System VBATTcell2[V] 3.78,Airdata rho[kg/m3] 1.24,Airdata T[C] 6.01,Airdata AoA[deg] nan,Airdata AoS[deg] nan,Airdata VCAS[m/s] 1.89,Airdata VTAS[m/s] 1.88,BMP280_0 P[Pa] 99937.89, BMP280_0 Tpackage[C] 14.31, HTU21DF_0 RH[%] 80.20, HTU21DF_0 Tpackage[C] 13.32, D6F-PH0025AD1_0 q[Pa] 0.20, D6F-PH0025AD1_0 Tpackage[C] 11.00, D6F-PH0025AD1_1 q[Pa] 2.26, D6F-PH0025AD1_1 Tpackage[C] 11.60, D6F-PH0025AD1_2 q[Pa] nan, D6F-PH0025AD1_2 Tpackage[C] nan, MPU6050_0 pitch[deg] 0.70, MPU6050_0 roll[deg] -3.55, VL53L1X_0 s[m] 0.06, ;
System Uptime[ms] 132319,System VBATTcell0[V] 3.86,System VBATTcell1[V] 3.82,System VBATTcell2[V] 3.78,Airdata rho[kg/m3] 1.24,Airdata T[C] 6.01,Airdata AoA[deg] nan,Airdata AoS[deg] nan,Airdata VCAS[m/s] 1.43,Airdata VTAS[m/s] 1.42,BMP280_0 P[Pa] 99937.95, BMP280_0 Tpackage[C] 14.31, HTU21DF_0 RH[%] 80.25, HTU21DF_0 Tpackage[C] 13.33, D6F-PH0025AD1_0 q[Pa] 0.00, D6F-PH0025AD1_0 Tpackage[C] 11.00, D6F-PH0025AD1_1 q[Pa] 0.00, D6F-PH0025AD1_1 Tpackage[C] 11.60, D6F-PH0025AD1_2 q[Pa] nan, D6F-PH0025AD1_2 Tpackage[C] nan, MPU6050_0 pitch[deg] -0.12, MPU6050_0 roll[deg] -3.00, VL53L1X_0 s[m] 0.06, ;
System Uptime[ms] 132958,System VBATTcell0[V] 3.86,System VBATTcell1[V] 3.82,System VBATTcell2[V] 3.78,Airdata rho[kg/m3] 1.24,Airdata T[C] 6.02,Airdata AoA[deg] nan,Airdata AoS[deg] nan,Airdata VCAS[m/s] 0.98,Airdata VTAS[m/s] 0.97,BMP280_0 P[Pa] 99938.69, BMP280_0 Tpackage[C] 14.32, HTU21DF_0 RH[%] 80.37, HTU21DF_0 Tpackage[C] 13.36, D6F-PH0025AD1_0 q[Pa] 0.00, D6F-PH0025AD1_0 Tpackage[C] 11.00, D6F-PH0025AD1_1 q[Pa] 0.00, D6F-PH0025AD1_1 Tpackage[C] 11.60, D6F-PH0025AD1_2 q[Pa] nan, D6F-PH0025AD1_2 Tpackage[C] nan, MPU6050_0 pitch[deg] 0.15, MPU6050_0 roll[deg] -1.16, VL53L1X_0 s[m] 0.06, ;
System Uptime[ms] 133596,System VBATTcell0[V] 3.86,System VBATTcell1[V] 3.82,System VBATTcell2[V] 3.78,Airdata rho[kg/m3] 1.24,Airdata T[C] 6.03,Airdata AoA[deg] nan,Airdata AoS[deg] nan,Airdata VCAS[m/s] 0.75,Airdata VTAS[m/s] 0.75,BMP280_0 P[Pa] 99939.05, BMP280_0 Tpackage[C] 14.33, HTU21DF_0 RH[%] 80.45, HTU21DF_0 Tpackage[C] 13.37, D6F-PH0025AD1_0 q[Pa] 0.00, D6F-PH0025AD1_0 Tpackage[C] 11.00, D6F-PH0025AD1_1 q[Pa] 0.16, D6F-PH0025AD1_1 Tpackage[C] 11.60, D6F-PH0025AD1_2 q[Pa] nan, D6F-PH0025AD1_2 Tpackage[C] nan, MPU6050_0 pitch[deg] -0.06, MPU6050_0 roll[deg] -0.05, VL53L1X_0 s[m] 0.06, ;
System Uptime[ms] 134260,System VBATTcell0[V] 3.86,System VBATTcell1[V] 3.82,System VBATTcell2[V] 3.78,Airdata rho[kg/m3] 1.24,Airdata T[C] 6.04,Airdata AoA[deg] nan,Airdata AoS[deg] nan,Airdata VCAS[m/s] 1.25,Airdata VTAS[m/s] 1.24,BMP280_0 P[Pa] 99936.62, BMP280_0 Tpackage[C] 14.34, HTU21DF_0 RH[%] 80.53, HTU21DF_0 Tpackage[C] 13.38, D6F-PH0025AD1_0 q[Pa] 1.80, D6F-PH0025AD1_0 Tpackage[C] 11.00, D6F-PH0025AD1_1 q[Pa] 3.88, D6F-PH0025AD1_1 Tpackage[C] 11.60, D6F-PH0025AD1_2 q[Pa] nan, D6F-PH0025AD1_2 Tpackage[C] nan, MPU6050_0 pitch[deg] 0.15, MPU6050_0 roll[deg] 1.51, VL53L1X_0 s[m] 0.03, ;
System Uptime[ms] 134894,System VBATTcell0[V] 3.86,System VBATTcell1[V] 3.82,System VBATTcell2[V] 3.78,Airdata rho[kg/m3] 1.24,Airdata T[C] 6.06,Airdata AoA[deg] nan,Airdata AoS[deg] nan,Airdata VCAS[m/s] 1.15,Airdata VTAS[m/s] 1.14,BMP280_0 P[Pa] 99940.42, BMP280_0 Tpackage[C] 14.36, HTU21DF_0 RH[%] 80.74, HTU21DF_0 Tpackage[C] 13.39, D6F-PH0025AD1_0 q[Pa] 0.00, D6F-PH0025AD1_0 Tpackage[C] 11.00, D6F-PH0025AD1_1 q[Pa] 0.00, D6F-PH0025AD1_1 Tpackage[C] 11.60, D6F-PH0025AD1_2 q[Pa] nan, D6F-PH0025AD1_2 Tpackage[C] nan, MPU6050_0 pitch[deg] 0.13, MPU6050_0 roll[deg] 3.53, VL53L1X_0 s[m] 0.01, ;
System Uptime[ms] 135533,System VBATTcell0[V] 3.86,System VBATTcell1[V] 3.82,System VBATTcell2[V] 3.78,Airdata rho[kg/m3] 1.24,Airdata T[C] 6.07,Airdata AoA[deg] nan,Airdata AoS[deg] nan,Airdata VCAS[m/s] 1.43,Airdata VTAS[m/s] 1.42,BMP280_0 P[Pa] 99938.19, BMP280_0 Tpackage[C] 14.37, HTU21DF_0 RH[%] 80.72, HTU21DF_0 Tpackage[C] 13.41, D6F-PH0025AD1_0 q[Pa] 2.28, D6F-PH0025AD1_0 Tpackage[C] 11.00, D6F-PH0025AD1_1 q[Pa] 2.20, D6F-PH0025AD1_1 Tpackage[C] 11.60, D6F-PH0025AD1_2 q[Pa] nan, D6F-PH0025AD1_2 Tpackage[C] nan, MPU6050_0 pitch[deg] 0.38, MPU6050_0 roll[deg] 4.39, VL53L1X_0 s[m] 0.01, ;
System Uptime[ms] 136171,System VBATTcell0[V] 3.86,System VBATTcell1[V] 3.82,System VBATTcell2[V] 3.78,Airdata rho[kg/m3] 1.24,Airdata T[C] 6.07,Airdata AoA[deg] nan,Airdata AoS[deg] nan,Airdata VCAS[m/s] 1.84,Airdata VTAS[m/s] 1.83,BMP280_0 P[Pa] 99937.80, BMP280_0 Tpackage[C] 14.37, HTU21DF_0 RH[%] 80.50, HTU21DF_0 Tpackage[C] 13.41, D6F-PH0025AD1_0 q[Pa] 1.36, D6F-PH0025AD1_0 Tpackage[C] 11.00, D6F-PH0025AD1_1 q[Pa] 8.01, D6F-PH0025AD1_1 Tpackage[C] 11.80, D6F-PH0025AD1_2 q[Pa] nan, D6F-PH0025AD1_2 Tpackage[C] nan, MPU6050_0 pitch[deg] 0.50, MPU6050_0 roll[deg] 4.81, VL53L1X_0 s[m] 0.01, ;
System Uptime[ms] 136810,System VBATTcell0[V] 3.86,System VBATTcell1[V] 3.82,System VBATTcell2[V] 3.78,Airdata rho[kg/m3] 1.24,Airdata T[C] 6.08,Airdata AoA[deg] nan,Airdata AoS[deg] nan,Airdata VCAS[m/s] 2.44,Airdata VTAS[m/s] 2.42,BMP280_0 P[Pa] 99938.73, BMP280_0 Tpackage[C] 14.38, HTU21DF_0 RH[%] 80.24, HTU21DF_0 Tpackage[C] 13.43, D6F-PH0025AD1_0 q[Pa] 3.99, D6F-PH0025AD1_0 Tpackage[C] 11.00, D6F-PH0025AD1_1 q[Pa] 5.62, D6F-PH0025AD1_1 Tpackage[C] 11.60, D6F-PH0025AD1_2 q[Pa] nan, D6F-PH0025AD1_2 Tpackage[C] nan, MPU6050_0 pitch[deg] 0.46, MPU6050_0 roll[deg] 4.69, VL53L1X_0 s[m] 0.03, ;
System Uptime[ms] 137449,System VBATTcell0[V] 3.86,System VBATTcell1[V] 3.82,System VBATTcell2[V] 3.78,Airdata rho[kg/m3] 1.24,Airdata T[C] 6.08,Airdata AoA[deg] nan,Airdata AoS[deg] nan,Airdata VCAS[m/s] 2.67,Airdata VTAS[m/s] 2.65,BMP280_0 P[Pa] 99939.72, BMP280_0 Tpackage[C] 14.38, HTU21DF_0 RH[%] 80.13, HTU21DF_0 Tpackage[C] 13.43, D6F-PH0025AD1_0 q[Pa] 4.28, D6F-PH0025AD1_0 Tpackage[C] 11.00, D6F-PH0025AD1_1 q[Pa] 5.73, D6F-PH0025AD1_1 Tpackage[C] 11.60, D6F-PH0025AD1_2 q[Pa] nan, D6F-PH0025AD1_2 Tpackage[C] nan, MPU6050_0 pitch[deg] 0.59, MPU6050_0 roll[deg] 4.39, VL53L1X_0 s[m] 0.02, ;
System Uptime[ms] 138087,System VBATTcell0[V] 3.86,System VBATTcell1[V] 3.82,System VBATTcell2[V] 3.77,Airdata rho[kg/m3] 1.24,Airdata T[C] 6.10,Airdata AoA[deg] nan,Airdata AoS[deg] nan,Airdata VCAS[m/s] 2.90,Airdata VTAS[m/s] 2.88,BMP280_0 P[Pa] 99936.56, BMP280_0 Tpackage[C] 14.40, HTU21DF_0 RH[%] 80.13, HTU21DF_0 Tpackage[C] 13.44, D6F-PH0025AD1_0 q[Pa] 5.63, D6F-PH0025AD1_0 Tpackage[C] 11.00, D6F-PH0025AD1_1 q[Pa] 6.65, D6F-PH0025AD1_1 Tpackage[C] 11.60, D6F-PH0025AD1_2 q[Pa] nan, D6F-PH0025AD1_2 Tpackage[C] nan, MPU6050_0 pitch[deg] 0.59, MPU6050_0 roll[deg] 4.10, VL53L1X_0 s[m] 0.02, ;
System Uptime[ms] 138752,System VBATTcell0[V] 3.86,System VBATTcell1[V] 3.82,System VBATTcell2[V] 3.78,Airdata rho[kg/m3] 1.24,Airdata T[C] 6.12,Airdata AoA[deg] nan,Airdata AoS[deg] nan,Airdata VCAS[m/s] 2.91,Airdata VTAS[m/s] 2.89,BMP280_0 P[Pa] 99938.23, BMP280_0 Tpackage[C] 14.42, HTU21DF_0 RH[%] 80.86, HTU21DF_0 Tpackage[C] 13.46, D6F-PH0025AD1_0 q[Pa] 3.50, D6F-PH0025AD1_0 Tpackage[C] 11.00, D6F-PH0025AD1_1 q[Pa] 6.93, D6F-PH0025AD1_1 Tpackage[C] 11.60, D6F-PH0025AD1_2 q[Pa] nan, D6F-PH0025AD1_2 Tpackage[C] nan, MPU6050_0 pitch[deg] 0.64, MPU6050_0 roll[deg] 3.59, VL53L1X_0 s[m] 0.02, ;
System Uptime[ms] 139385,System VBATTcell0[V] 3.86,System VBATTcell1[V] 3.82,System VBATTcell2[V] 3.78,Airdata rho[kg/m3] 1.24,Airdata T[C] 6.12,Airdata AoA[deg] nan,Airdata AoS[deg] nan,Airdata VCAS[m/s] 2.74,Airdata VTAS[m/s] 2.72,BMP280_0 P[Pa] 99938.98, BMP280_0 Tpackage[C] 14.42, HTU21DF_0 RH[%] 81.30, HTU21DF_0 Tpackage[C] 13.47, D6F-PH0025AD1_0 q[Pa] 3.30, D6F-PH0025AD1_0 Tpackage[C] 11.20, D6F-PH0025AD1_1 q[Pa] 3.39, D6F-PH0025AD1_1 Tpackage[C] 11.60, D6F-PH0025AD1_2 q[Pa] nan, D6F-PH0025AD1_2 Tpackage[C] nan, MPU6050_0 pitch[deg] 0.61, MPU6050_0 roll[deg] 3.36, VL53L1X_0 s[m] 0.02, ;
System Uptime[ms] 140024,System VBATTcell0[V] 3.86,System VBATTcell1[V] 3.81,System VBATTcell2[V] 3.78,Airdata rho[kg/m3] 1.24,Airdata T[C] 6.13,Airdata AoA[deg] nan,Airdata AoS[deg] nan,Airdata VCAS[m/s] 2.49,Airdata VTAS[m/s] 2.48,BMP280_0 P[Pa] 99940.58, BMP280_0 Tpackage[C] 14.43, HTU21DF_0 RH[%] 81.49, HTU21DF_0 Tpackage[C] 13.48, D6F-PH0025AD1_0 q[Pa] 2.23, D6F-PH0025AD1_0 Tpackage[C] 11.00, D6F-PH0025AD1_1 q[Pa] 4.29, D6F-PH0025AD1_1 Tpackage[C] 11.60, D6F-PH0025AD1_2 q[Pa] nan, D6F-PH0025AD1_2 Tpackage[C] nan, MPU6050_0 pitch[deg] 0.62, MPU6050_0 roll[deg] 3.05, VL53L1X_0 s[m] 0.02, ;
System Uptime[ms] 140663,System VBATTcell0[V] 3.86,System VBATTcell1[V] 3.81,System VBATTcell2[V] 3.78,Airdata rho[kg/m3] 1.24,Airdata T[C] 6.14,Airdata AoA[deg] nan,Airdata AoS[deg] nan,Airdata VCAS[m/s] 2.72,Airdata VTAS[m/s] 2.70,BMP280_0 P[Pa] 99936.95, BMP280_0 Tpackage[C] 14.44, HTU21DF_0 RH[%] 81.54, HTU21DF_0 Tpackage[C] 13.48, D6F-PH0025AD1_0 q[Pa] 4.52, D6F-PH0025AD1_0 Tpackage[C] 11.00, D6F-PH0025AD1_1 q[Pa] 7.47, D6F-PH0025AD1_1 Tpackage[C] 11.60, D6F-PH0025AD1_2 q[Pa] nan, D6F-PH0025AD1_2 Tpackage[C] nan, MPU6050_0 pitch[deg] 0.60, MPU6050_0 roll[deg] 2.70, VL53L1X_0 s[m] 0.02, ;
System Uptime[ms] 141302,System VBATTcell0[V] 3.86,System VBATTcell1[V] 3.81,System VBATTcell2[V] 3.78,Airdata rho[kg/m3] 1.24,Airdata T[C] 6.16,Airdata AoA[deg] nan,Airdata AoS[deg] nan,Airdata VCAS[m/s] 2.82,Airdata VTAS[m/s] 2.80,BMP280_0 P[Pa] 99935.11, BMP280_0 Tpackage[C] 14.46, HTU21DF_0 RH[%] 82.29, HTU21DF_0 Tpackage[C] 13.52, D6F-PH0025AD1_0 q[Pa] 3.06, D6F-PH0025AD1_0 Tpackage[C] 11.20, D6F-PH0025AD1_1 q[Pa] 7.41, D6F-PH0025AD1_1 Tpackage[C] 11.80, D6F-PH0025AD1_2 q[Pa] nan, D6F-PH0025AD1_2 Tpackage[C] nan, MPU6050_0 pitch[deg] 0.58, MPU6050_0 roll[deg] 2.34, VL53L1X_0 s[m] 0.01, ;
System Uptime[ms] 141941,System VBATTcell0[V] 3.86,System VBATTcell1[V] 3.82,System VBATTcell2[V] 3.78,Airdata rho[kg/m3] 1.24,Airdata T[C] 6.20,Airdata AoA[deg] nan,Airdata AoS[deg] nan,Airdata VCAS[m/s] 2.71,Airdata VTAS[m/s] 2.69,BMP280_0 P[Pa] 99934.89, BMP280_0 Tpackage[C] 14.50, HTU21DF_0 RH[%] 84.35, HTU21DF_0 Tpackage[C] 13.55, D6F-PH0025AD1_0 q[Pa] 3.64, D6F-PH0025AD1_0 Tpackage[C] 11.20, D6F-PH0025AD1_1 q[Pa] 3.30, D6F-PH0025AD1_1 Tpackage[C] 11.60, D6F-PH0025AD1_2 q[Pa] nan, D6F-PH0025AD1_2 Tpackage[C] nan, MPU6050_0 pitch[deg] 0.59, MPU6050_0 roll[deg] 2.23, VL53L1X_0 s[m] 0.01, ;
System Uptime[ms] 142580,System VBATTcell0[V] 3.86,System VBATTcell1[V] 3.81,System VBATTcell2[V] 3.78,Airdata rho[kg/m3] 1.24,Airdata T[C] 6.21,Airdata AoA[deg] nan,Airdata AoS[deg] nan,Airdata VCAS[m/s] 2.08,Airdata VTAS[m/s] 2.07,BMP280_0 P[Pa] 99936.53, BMP280_0 Tpackage[C] 14.51, HTU21DF_0 RH[%] 85.26, HTU21DF_0 Tpackage[C] 13.58, D6F-PH0025AD1_0 q[Pa] 0.00, D6F-PH0025AD1_0 Tpackage[C] 11.00, D6F-PH0025AD1_1 q[Pa] 1.75, D6F-PH0025AD1_1 Tpackage[C] 11.80, D6F-PH0025AD1_2 q[Pa] nan, D6F-PH0025AD1_2 Tpackage[C] nan, MPU6050_0 pitch[deg] 0.57, MPU6050_0 roll[deg] 2.20, VL53L1X_0 s[m] 0.01, ;
System Uptime[ms] 143243,System VBATTcell0[V] 3.86,System VBATTcell1[V] 3.81,System VBATTcell2[V] 3.78,Airdata rho[kg/m3] 1.24,Airdata T[C] 6.22,Airdata AoA[deg] nan,Airdata AoS[deg] nan,Airdata VCAS[m/s] 1.58,Airdata VTAS[m/s] 1.57,BMP280_0 P[Pa] 99939.14, BMP280_0 Tpackage[C] 14.52, HTU21DF_0 RH[%] 85.83, HTU21DF_0 Tpackage[C] 13.56, D6F-PH0025AD1_0 q[Pa] 0.00, D6F-PH0025AD1_0 Tpackage[C] 11.00, D6F-PH0025AD1_1 q[Pa] 1.21, D6F-PH0025AD1_1 Tpackage[C] 11.60, D6F-PH0025AD1_2 q[Pa] nan, D6F-PH0025AD1_2 Tpackage[C] nan, MPU6050_0 pitch[deg] 0.55, MPU6050_0 roll[deg] 2.00, VL53L1X_0 s[m] 0.02, ;
System Uptime[ms] 143877,System VBATTcell0[V] 3.86,System VBATTcell1[V] 3.82,System VBATTcell2[V] 3.78,Airdata rho[kg/m3] 1.24,Airdata T[C] 6.22,Airdata AoA[deg] nan,Airdata AoS[deg] nan,Airdata VCAS[m/s] 1.39,Airdata VTAS[m/s] 1.38,BMP280_0 P[Pa] 99938.05, BMP280_0 Tpackage[C] 14.52, HTU21DF_0 RH[%] 85.86, HTU21DF_0 Tpackage[C] 13.59, D6F-PH0025AD1_0 q[Pa] 0.00, D6F-PH0025AD1_0 Tpackage[C] 11.00, D6F-PH0025AD1_1 q[Pa] 2.00, D6F-PH0025AD1_1 Tpackage[C] 11.60, D6F-PH0025AD1_2 q[Pa] nan, D6F-PH0025AD1_2 Tpackage[C] nan, MPU6050_0 pitch[deg] 0.56, MPU6050_0 roll[deg] 1.70, VL53L1X_0 s[m] 0.02, ;
System Uptime[ms] 144516,System VBATTcell0[V] 3.86,System VBATTcell1[V] 3.81,System VBATTcell2[V] 3.78,Airdata rho[kg/m3] 1.24,Airdata T[C] 6.22,Airdata AoA[deg] nan,Airdata AoS[deg] nan,Airdata VCAS[m/s] 1.56,Airdata VTAS[m/s] 1.55,BMP280_0 P[Pa] 99934.53, BMP280_0 Tpackage[C] 14.52, HTU21DF_0 RH[%] 85.51, HTU21DF_0 Tpackage[C] 13.58, D6F-PH0025AD1_0 q[Pa] 1.22, D6F-PH0025AD1_0 Tpackage[C] 11.00, D6F-PH0025AD1_1 q[Pa] 3.00, D6F-PH0025AD1_1 Tpackage[C] 11.60, D6F-PH0025AD1_2 q[Pa] nan, D6F-PH0025AD1_2 Tpackage[C] nan, MPU6050_0 pitch[deg] 0.55, MPU6050_0 roll[deg] 1.71, VL53L1X_0 s[m] 0.02, ;
System Uptime[ms] 145155,System VBATTcell0[V] 3.86,System VBATTcell1[V] 3.82,System VBATTcell2[V] 3.78,Airdata rho[kg/m3] 1.24,Airdata T[C] 6.23,Airdata AoA[deg] nan,Airdata AoS[deg] nan,Airdata VCAS[m/s] 1.97,Airdata VTAS[m/s] 1.96,BMP280_0 P[Pa] 99938.08, BMP280_0 Tpackage[C] 14.53, HTU21DF_0 RH[%] 84.97, HTU21DF_0 Tpackage[C] 13.59, D6F-PH0025AD1_0 q[Pa] 3.31, D6F-PH0025AD1_0 Tpackage[C] 11.00, D6F-PH0025AD1_1 q[Pa] 4.54, D6F-PH0025AD1_1 Tpackage[C] 11.60, D6F-PH0025AD1_2 q[Pa] nan, D6F-PH0025AD1_2 Tpackage[C] nan, MPU6050_0 pitch[deg] 0.54, MPU6050_0 roll[deg] 1.71, VL53L1X_0 s[m] 0.02, ;
System Uptime[ms] 145794,System VBATTcell0[V] 3.86,System VBATTcell1[V] 3.82,System VBATTcell2[V] 3.78,Airdata rho[kg/m3] 1.24,Airdata T[C] 6.22,Airdata AoA[deg] nan,Airdata AoS[deg] nan,Airdata VCAS[m/s] 2.03,Airdata VTAS[m/s] 2.02,BMP280_0 P[Pa] 99936.13, BMP280_0 Tpackage[C] 14.52, HTU21DF_0 RH[%] 83.89, HTU21DF_0 Tpackage[C] 13.58, D6F-PH0025AD1_0 q[Pa] 0.73, D6F-PH0025AD1_0 Tpackage[C] 11.20, D6F-PH0025AD1_1 q[Pa] 4.64, D6F-PH0025AD1_1 Tpackage[C] 11.80, D6F-PH0025AD1_2 q[Pa] nan, D6F-PH0025AD1_2 Tpackage[C] nan, MPU6050_0 pitch[deg] 0.49, MPU6050_0 roll[deg] 2.22, VL53L1X_0 s[m] 0.01, ;
System Uptime[ms] 146432,System VBATTcell0[V] 3.86,System VBATTcell1[V] 3.82,System VBATTcell2[V] 3.78,Airdata rho[kg/m3] 1.24,Airdata T[C] 6.23,Airdata AoA[deg] nan,Airdata AoS[deg] nan,Airdata VCAS[m/s] 2.44,Airdata VTAS[m/s] 2.42,BMP280_0 P[Pa] 99935.45, BMP280_0 Tpackage[C] 14.53, HTU21DF_0 RH[%] 83.29, HTU21DF_0 Tpackage[C] 13.59, D6F-PH0025AD1_0 q[Pa] 3.01, D6F-PH0025AD1_0 Tpackage[C] 11.00, D6F-PH0025AD1_1 q[Pa] 8.07, D6F-PH0025AD1_1 Tpackage[C] 11.60, D6F-PH0025AD1_2 q[Pa] nan, D6F-PH0025AD1_2 Tpackage[C] nan, MPU6050_0 pitch[deg] 0.50, MPU6050_0 roll[deg] 2.64, VL53L1X_0 s[m] 0.02, ;
System Uptime[ms] 147071,System VBATTcell0[V] 3.86,System VBATTcell1[V] 3.81,System VBATTcell2[V] 3.78,Airdata rho[kg/m3] 1.24,Airdata T[C] 6.24,Airdata AoA[deg] nan,Airdata AoS[deg] nan,Airdata VCAS[m/s] 2.00,Airdata VTAS[m/s] 1.99,BMP280_0 P[Pa] 99938.63, BMP280_0 Tpackage[C] 14.54, HTU21DF_0 RH[%] 83.34, HTU21DF_0 Tpackage[C] 13.61, D6F-PH0025AD1_0 q[Pa] 0.00, D6F-PH0025AD1_0 Tpackage[C] 11.00, D6F-PH0025AD1_1 q[Pa] 1.70, D6F-PH0025AD1_1 Tpackage[C] 11.80, D6F-PH0025AD1_2 q[Pa] nan, D6F-PH0025AD1_2 Tpackage[C] nan, MPU6050_0 pitch[deg] 0.52, MPU6050_0 roll[deg] 2.57, VL53L1X_0 s[m] 0.01, ;
System Uptime[ms] 147735,System VBATTcell0[V] 3.86,System VBATTcell1[V] 3.82,System VBATTcell2[V] 3.78,Airdata rho[kg/m3] 1.24,Airdata T[C] 6.25,Airdata AoA[deg] nan,Airdata AoS[deg] nan,Airdata VCAS[m/s] 3.07,Airdata VTAS[m/s] 3.05,BMP280_0 P[Pa] 99938.28, BMP280_0 Tpackage[C] 14.55, HTU21DF_0 RH[%] 83.28, HTU21DF_0 Tpackage[C] 13.62, D6F-PH0025AD1_0 q[Pa] 9.68, D6F-PH0025AD1_0 Tpackage[C] 11.20, D6F-PH0025AD1_1 q[Pa] 8.02, D6F-PH0025AD1_1 Tpackage[C] 11.80, D6F-PH0025AD1_2 q[Pa] nan, D6F-PH0025AD1_2 Tpackage[C] nan, MPU6050_0 pitch[deg] 0.52, MPU6050_0 roll[deg] 2.83, VL53L1X_0 s[m] 0.01, ;
System Uptime[ms] 148369,System VBATTcell0[V] 3.86,System VBATTcell1[V] 3.82,System VBATTcell2[V] 3.78,Airdata rho[kg/m3] 1.24,Airdata T[C] 6.26,Airdata AoA[deg] nan,Airdata AoS[deg] nan,Airdata VCAS[m/s] 3.24,Airdata VTAS[m/s] 3.22,BMP280_0 P[Pa] 99936.26, BMP280_0 Tpackage[C] 14.56, HTU21DF_0 RH[%] 83.25, HTU21DF_0 Tpackage[C] 13.63, D6F-PH0025AD1_0 q[Pa] 5.93, D6F-PH0025AD1_0 Tpackage[C] 11.20, D6F-PH0025AD1_1 q[Pa] 6.93, D6F-PH0025AD1_1 Tpackage[C] 11.60, D6F-PH0025AD1_2 q[Pa] nan, D6F-PH0025AD1_2 Tpackage[C] nan, MPU6050_0 pitch[deg] 0.53, MPU6050_0 roll[deg] 2.93, VL53L1X_0 s[m] 0.02, ;
System Uptime[ms] 149007,System VBATTcell0[V] 3.85,System VBATTcell1[V] 3.82,System VBATTcell2[V] 3.78,Airdata rho[kg/m3] 1.24,Airdata T[C] 6.27,Airdata AoA[deg] nan,Airdata AoS[deg] nan,Airdata VCAS[m/s] 3.40,Airdata VTAS[m/s] 3.38,BMP280_0 P[Pa] 99937.28, BMP280_0 Tpackage[C] 14.57, HTU21DF_0 RH[%] 83.19, HTU21DF_0 Tpackage[C] 13.65, D6F-PH0025AD1_0 q[Pa] 6.93, D6F-PH0025AD1_0 Tpackage[C] 11.20, D6F-PH0025AD1_1 q[Pa] 9.70, D6F-PH0025AD1_1 Tpackage[C] 11.60, D6F-PH0025AD1_2 q[Pa] nan, D6F-PH0025AD1_2 Tpackage[C] nan, MPU6050_0 pitch[deg] 0.54, MPU6050_0 roll[deg] 3.02, VL53L1X_0 s[m] 0.02, ;
System Uptime[ms] 149646,System VBATTcell0[V] 3.86,System VBATTcell1[V] 3.82,System VBATTcell2[V] 3.77,Airdata rho[kg/m3] 1.24,Airdata T[C] 6.27,Airdata AoA[deg] nan,Airdata AoS[deg] nan,Airdata VCAS[m/s] 3.19,Airdata VTAS[m/s] 3.17,BMP280_0 P[Pa] 99940.62, BMP280_0 Tpackage[C] 14.57, HTU21DF_0 RH[%] 82.91, HTU21DF_0 Tpackage[C] 13.65, D6F-PH0025AD1_0 q[Pa] 4.47, D6F-PH0025AD1_0 Tpackage[C] 11.00, D6F-PH0025AD1_1 q[Pa] 4.74, D6F-PH0025AD1_1 Tpackage[C] 11.80, D6F-PH0025AD1_2 q[Pa] nan, D6F-PH0025AD1_2 Tpackage[C] nan, MPU6050_0 pitch[deg] 0.54, MPU6050_0 roll[deg] 3.05, VL53L1X_0 s[m] 0.03, ;
System Uptime[ms] 150285,System VBATTcell0[V] 3.86,System VBATTcell1[V] 3.81,System VBATTcell2[V] 3.78,Airdata rho[kg/m3] 1.24,Airdata T[C] 6.28,Airdata AoA[deg] nan,Airdata AoS[deg] nan,Airdata VCAS[m/s] 2.92,Airdata VTAS[m/s] 2.90,BMP280_0 P[Pa] 99937.43, BMP280_0 Tpackage[C] 14.58, HTU21DF_0 RH[%] 82.55, HTU21DF_0 Tpackage[C] 13.66, D6F-PH0025AD1_0 q[Pa] 3.79, D6F-PH0025AD1_0 Tpackage[C] 11.20, D6F-PH0025AD1_1 q[Pa] 5.23, D6F-PH0025AD1_1 Tpackage[C] 11.60, D6F-PH0025AD1_2 q[Pa] nan, D6F-PH0025AD1_2 Tpackage[C] nan, MPU6050_0 pitch[deg] 0.53, MPU6050_0 roll[deg] 3.21, VL53L1X_0 s[m] 0.02, ;
System Uptime[ms] 150924,System VBATTcell0[V] 3.86,System VBATTcell1[V] 3.81,System VBATTcell2[V] 3.79,Airdata rho[kg/m3] 1.24,Airdata T[C] 6.29,Airdata AoA[deg] nan,Airdata AoS[deg] nan,Airdata VCAS[m/s] 2.98,Airdata VTAS[m/s] 2.96,BMP280_0 P[Pa] 99936.36, BMP280_0 Tpackage[C] 14.59, HTU21DF_0 RH[%] 82.15, HTU21DF_0 Tpackage[C] 13.67, D6F-PH0025AD1_0 q[Pa] 4.28, D6F-PH0025AD1_0 Tpackage[C] 11.20, D6F-PH0025AD1_1 q[Pa] 8.62, D6F-PH0025AD1_1 Tpackage[C] 11.80, D6F-PH0025AD1_2 q[Pa] nan, D6F-PH0025AD1_2 Tpackage[C] nan, MPU6050_0 pitch[deg] 0.53, MPU6050_0 roll[deg] 3.34, VL53L1X_0 s[m] 0.02, ;
System Uptime[ms] 151562,System VBATTcell0[V] 3.86,System VBATTcell1[V] 3.81,System VBATTcell2[V] 3.78,Airdata rho[kg/m3] 1.24,Airdata T[C] 6.31,Airdata AoA[deg] nan,Airdata AoS[deg] nan,Airdata VCAS[m/s] 2.91,Airdata VTAS[m/s] 2.89,BMP280_0 P[Pa] 99937.95, BMP280_0 Tpackage[C] 14.61, HTU21DF_0 RH[%] 82.13, HTU21DF_0 Tpackage[C] 13.68, D6F-PH0025AD1_0 q[Pa] 3.85, D6F-PH0025AD1_0 Tpackage[C] 11.20, D6F-PH0025AD1_1 q[Pa] 4.84, D6F-PH0025AD1_1 Tpackage[C] 11.80, D6F-PH0025AD1_2 q[Pa] nan, D6F-PH0025AD1_2 Tpackage[C] nan, MPU6050_0 pitch[deg] 0.55, MPU6050_0 roll[deg] 3.40, VL53L1X_0 s[m] 0.01, ;
System Uptime[ms] 152226,System VBATTcell0[V] 3.86,System VBATTcell1[V] 3.82,System VBATTcell2[V] 3.77,Airdata rho[kg/m3] 1.24,Airdata T[C] 6.32,Airdata AoA[deg] nan,Airdata AoS[deg] nan,Airdata VCAS[m/s] 2.88,Airdata VTAS[m/s] 2.86,BMP280_0 P[Pa] 99939.13, BMP280_0 Tpackage[C] 14.62, HTU21DF_0 RH[%] 82.29, HTU21DF_0 Tpackage[C] 13.71, D6F-PH0025AD1_0 q[Pa] 4.62, D6F-PH0025AD1_0 Tpackage[C] 11.00, D6F-PH0025AD1_1 q[Pa] 5.53, D6F-PH0025AD1_1 Tpackage[C] 11.80, D6F-PH0025AD1_2 q[Pa] nan, D6F-PH0025AD1_2 Tpackage[C] nan, MPU6050_0 pitch[deg] 0.46, MPU6050_0 roll[deg] 3.35, VL53L1X_0 s[m] 0.01, ;
